,State,City,Blank,Program name,ID,Status,ERAS link
0,AL,Birmingham,,Brookwood Baptist Health Program,1400121020,Participating,http://brookwoodbaptisthealth.com/residency
1,AL,Birmingham,,University of Alabama Medical Center Program,1400121022,Participating,http://www.uab.edu/medicine/imresidency
2,AL,Dothan,,Southeast Health Program,1400100900,Participating,
3,AL,Fairhope,,Thomas Hospital Program,1400100902,Participating,https://www.infirmaryhealth.org/residency-program
4,AL,Florence,,North Alabama Medical Center Program,1400100901,Not Participating,
5,AL,Huntsville,,University of Alabama Hospital Program,1400100893,Participating,https://www.uab.edu/medicine/home/huntsville-internal-medicine-residency-program
6,AL,Mobile,,USA Health Program,1400111024,Participating,http://www.usahealthsystem.com/internalmedicineresidency
7,AL,Montgomery,,University of Alabama Medical Center (Montgomery) Program,1400121447,Participating,http://www.uab.edu/medicine/home/montgomery-im-residency
8,AL,Opelika,,East Alabama Medical Center Program,1400100903,Participating,http://www.eamc.org/IMresidency
9,AR,Batesville,,White River Health System Program,1400400925,Participating,http://www.whiteriverhealthsystem.com/careers/white-river-health-system-internal-medicine-residency
10,AR,Conway,,Conway Regional Health System Program,1400400001,Participating,http://www.conwayregionalgme.org
11,AR,Fayetteville,,University of Arkansas for Medical Sciences (UAMS) College of Medicine (Northwest) Program,1400400924,Participating,http://northwestcampus.uams.edu/academic-programs/com/
12,AR,Fort Smith,,Arkansas College of Osteopathic Medicine/Mercy Program,1400400002,Participating,https://www.mercy.net/healthcare-education/graduate/fsm/internal-medicine/
13,AR,Hot Springs,,CHI St. Vincent - Hot Springs Program,1400400929,Participating,
14,AR,Jonesboro,,Baptist Memorial Medical Education (Jonesboro) Program,1400400926,Participating,
15,AR,Jonesboro,,St. Bernards Medical Center Program,1400400541,Participating,https://www.stbernards.info
16,AR,Little Rock,,University of Arkansas for Medical Sciences (UAMS) College of Medicine Program,1400421030,Participating,http://www.intmedicine.uams.edu
17,AR,North Little Rock,,Baptist Health - UAMS Program,1400400928,Participating,http://baptisthealth-uams-gme.org
18,AR,Searcy,,Unity Health-White County Medical Center Program,1400400927,Participating,http://www.unity-health.org
19,AZ,Cottonwood,,Midwestern University GME Consortium / Verde Valley Program,1400300539,Participating,https://www.mwuresidencies.com/programs/verde-valley-medical-center-internal-medicine-residency-program
20,AZ,Glendale,,Abrazo Health Network Program,1400300541,Participating,https://www.abrazohealth.com/health-professionals/abrazo-health-residency-programs/abrazo-internal-medicine-residency-program
21,AZ,Mesa,,Midwestern University GME Consortium / Mountain Vista Program,1400300538,Participating,https://clicktime.symantec.com/3L3xhFKgku2bWsxLdNt4Aqd7Vc?u=https%3A%2F%2Fwww.mwuresidencies.com%2Fmvmc-im
22,AZ,Phoenix,,Creighton University School of Medicine (Phoenix) Program,1400311027,Participating,https://alliance.creighton.edu/residencies-fellowships/residency-programs/internal-medicine-st-josephs
23,AZ,Phoenix,,University of Arizona College of Medicine-Phoenix Preliminary Program,1400321025,Participating,http://phoenixmed.arizona.edu/internal-medicine-residency/preliminary-med-internship
24,AZ,Phoenix,,University of Arizona College of Medicine-Phoenix Program,1400321025,Participating,http://phoenixmed.arizona.edu/internal-medicine-residency
25,AZ,Scottsdale,,HonorHealth Program,1400300537,Participating,https://www.honorhealth.com/academic-affairs/internal-medicine-residency-program
26,AZ,Scottsdale,,Mayo Clinic College of Medicine and Science (Arizona) Program,1400321512,Participating,https://college.mayo.edu/academics/residencies-and-fellowships/internal-medicine-residency-arizona/
27,AZ,Sierra Vista,,Midwestern University GME Consortium / Canyon Vista Program,1400300540,Participating,https://www.mwuresidencies.com/cvmc-im
28,AZ,Tucson,,University of Arizona College of Medicine-Tucson Program,1400321029,Participating,http://www.meded.arizona.edu
29,CA,Anaheim,,Prime West Consortium/West Anaheim Medical Center Program,1400500922,Participating,
30,CA,Bakersfield,,Kern Medical Center Program,1400531031,Participating,https://www.kernmedical.com/health-professionals/residency-programs/internal-medicine/
31,CA,Colton,,Arrowhead Regional Medical Center Program,1400500915,Participating,https://www.arrowheadregional.org/education-research/medical-residency-programs/internal-medicine-residency-program/
32,CA,Fontana,,Kaiser Permanente Southern California Program,1400500902,Participating,https://residency-scal-kaiserpermanente.org/residency/internalmedicine-fontana/
33,CA,French Camp,,San Joaquin General Hospital Program,1400512069,Participating,http://www.sjgeneral.org/residencyinternalmedicine.html
34,CA,Fresno,,St. Agnes Medical Center (Fresno) Program,1400500923,Participating,http://www.samc.com/GME
35,CA,Fresno,,University of California (San Francisco)/Fresno Program,1400531033,Participating,http://www.fresno.ucsf.edu
36,CA,Hemet,,KPC Health Program,1400500919,Participating,http://residency.com
37,CA,La Jolla,,Scripps Clinic/Scripps Green Hospital Program,1400521490,Participating,https://www.scripps.org/for-health-care-professionals/graduate-medical-education-gme
38,CA,Loma Linda,,Loma Linda University Health Education Consortium Program,1400521038,Participating,
39,CA,Long Beach,,OPTI West/College Medical Center Long Beach Program,1400500921,Participating,http://www.collegemedicalcenter.com/
40,CA,Long Beach,,St Mary Medical Center Program,1400531039,Participating,http://www.stmarymed.com
41,CA,Los Angeles,,Adventist Health White Memorial Program,1400511049,Participating,http://www.whitememorial.com
42,CA,Los Angeles,,Cedars-Sinai Medical Center Program,1400511040,Participating,https://www.cedars-sinai.edu/Education/Graduate-Medical-Education/Residency-Programs
43,CA,Los Angeles,,"Charles R Drew University of Medicine and Science, College of Medicine Program",1400500930,Participating,https://www.cdrewu.edu/com/GME/IMRP
44,CA,Los Angeles,,Kaiser Permanente Southern California (Los Angeles) Program,1400512042,Participating,https://residency-scal-kaiserpermanente.org/residency/internalmedicine/
45,CA,Los Angeles,,Martin Luther King Jr Community Hospital Program,1400500003,Participating,https://www.mlkch.org/home
46,CA,Los Angeles,,Olive View/UCLA Medical Center Program,1400521047,Participating,http://www.uclaoliveview.org/
47,CA,Los Angeles,,UCLA David Geffen School of Medicine/UCLA Medical Center Program,1400511046,Participating,https://www.uclahealth.org/im-residency/
48,CA,Los Angeles,,University of Southern California/LAC+USC Medical Center Program,1400521044,Participating,http://uscimresidency.com/
49,CA,Moreno Valley,,Riverside University Health System Program,1400500002,Participating,https://www.ruhealth.org/
50,CA,Moreno Valley,,University of California Riverside School of Medicine Program,1400500903,Not Participating,
51,CA,Oakland,,Alameda Health System-Highland Hospital Program,1400531051,Participating,https://www.highlandmedicine.org/
52,CA,Oakland,,Kaiser Permanente Northern California (Oakland) Program,1400512052,Participating,http://residency-ncal.kaiserpermanente.org/
53,CA,Orange,,University of California (Irvine) Program,1400521036,Participating,http://www.medicine.uci.edu/residency
54,CA,Pasadena,,Huntington Memorial Hospital Program,1400511056,Participating,http://www.huntingtonhospital.org
55,CA,Porterville,,Sierra View Medical Center Program,1400500933,Participating,http://www.sierra-view.com/gme/internalmedicineresidency
56,CA,Rancho Mirage,,Eisenhower Medical Center Program,1400500895,Participating,https://gme.eisenhowerhealth.org
57,CA,Riverside,,Riverside Community Hospital/University of California Riverside School of Medicine Program,1400500917,Participating,http://gme.riversidecommunityhospital.com/Residency-Programs/Internal-Medicine.aspx
58,CA,Sacramento,,University of California Davis Health Program,1400521032,Participating,http://www.ucdmc.ucdavis.edu/internalmedicine/residency.html
59,CA,San Bernardino,,University of California Riverside School of Medicine/St. Bernardine Medical Center – Dignity Health Program,1400500001,Participating,
60,CA,San Diego,,San Ysidro Health Program,1400500929,Participating,http://www.syhealth.org
61,CA,San Diego,,Scripps Mercy Hospital Program,1400511057,Participating,http://www.scripps.org/MercyIM
62,CA,San Diego,,University of California (San Diego) Medical Center Program,1400521058,Participating,https://healthsciences.ucsd.edu/som/medicine/education/residency/internal-medicine/Pages/default.aspx
63,CA,San Francisco,,California Pacific Medical Center Program,1400512062,Participating,http://www.cpmc.org/education
64,CA,San Francisco,,Kaiser Permanente Northern California (San Francisco) Program,1400512060,Participating,http://residency-ncal.kaiserpermanente.org/programs/im/sf/
65,CA,San Francisco,,St Mary's Hospital and Medical Center Program,1400522063,Participating,http://www.stmarysmedicalcenter.org
66,CA,San Francisco,,University of California (San Francisco) Program,1400521064,Participating,https://medicine.ucsf.edu/residency-programs
67,CA,San Jose,,Santa Clara Valley Medical Center Program,1400531065,Participating,https://www.scvmc.org/education-and-training/programs/Internal-Medicine-Residency/Pages/overview.aspx
68,CA,Santa Barbara,,Santa Barbara Cottage Hospital Preliminary Program,1400522066,Participating,http://www.sbch.org
69,CA,Santa Barbara,,Santa Barbara Cottage Hospital Program,1400522066,Participating,http://www.sbch.org
70,CA,Santa Clara,,Kaiser Permanente Northern California (Santa Clara) Program,1400521067,Participating,http://residency-ncal.kaiserpermanente.org/
71,CA,Stanford,,Stanford Health Care-Sponsored Stanford University Program,1400521068,Participating,http://medicine.stanford.edu/residency.html
72,CA,Stockton,,St Joseph's Medical Center Program,1400500928,Participating,https://www.dignityhealth.org/sjmc/imrp/
73,CA,Temecula,,UHS Southern California Medical Education Consortium Program,1400500927,Participating,https://www.socalresidency.com/programs/internal-medicine
74,CA,Thousand Oaks,,HCA Healthcare/Los Robles Regional Medical Center Program,1400500931,Participating,
75,CA,Torrance,,Los Angeles County-Harbor-UCLA Medical Center Program,1400511070,Participating,http://www.harbor-ucla.org/internal-medicine/
76,CA,Ventura,,Community Memorial Health System Program,1400500920,Participating,http://www.gme.cmhshealth.org
77,CO,Aurora,,University of Colorado Program,1400721073,Participating,http://www.medschool.cuanschutz.edu/imrp
78,CO,Denver,,Saint Joseph Hospital Program,1400731072,Participating,https://www.sclhealth.org/locations/saint-joseph-hospital/for-medical-professionals/graduate-medical-education
79,CO,Lone Tree,,HCA HealthONE Program,1400700075,Participating,
80,CO,Pueblo,,"Parkview Medical Center Program
 Osteopathic Recognized!",1400700074,Participating,http://www.parkviewmc.com
81,CT,Bridgeport,,Bridgeport Hospital/Yale University Program,1400811074,Participating,http://www.bridgeporthospital.org/gme
82,CT,Bridgeport,,Quinnipiac University Frank H. Netter MD School of Medicine/St VIncent's Medical Center Program,1400811075,Participating,https://stvincents.org/health-professionals/education-research/residencies-fellowships
83,CT,Danbury,,Connecticut Institute For Communities/Greater Danbury Community Health Center (Primary Care) Program,1400800908,Participating,http://www.ct-institute.org/
84,CT,Danbury,,Danbury Hospital Program,1400811076,Participating,https://learning.nuvancehealth.org/
85,CT,Derby,,Griffin Hospital Program,1400831077,Participating,http://griffinhealth.org
86,CT,Farmington,,University of Connecticut (New Britain) Program,1400821499,Participating,https://health.uconn.edu/graduate-medical-education/primary-care-internal-medicine-residency-program/
87,CT,Farmington,,"University of Connecticut Program
 Osteopathic Recognized!",1400831078,Participating,http://resprog.uchc.edu/md/intermed/welcome/welcome.html
88,CT,Greenwich,,Greenwich Hospital Association Program,1400821079,Participating,https://www.greenwichhospital.org/medical-professionals/residency-program-and-curriculum.aspx
89,CT,New Haven,,Yale-New Haven Medical Center (Primary Care) Program,1400821496,Participating,http://residency.med.yale.edu/index.aspx
90,CT,New Haven,,Yale-New Haven Medical Center Program,1400821085,Participating,https://medicine.yale.edu/intmed/residency/traditional/
91,CT,Norwalk,,Norwalk Hospital/Yale University Program,1400831086,Participating,https://learning.nuvancehealth.org/
92,CT,Stamford,,Stamford Hospital/Columbia University College of Physicians and Surgeons Program,1400811087,Participating,http://www.stamhealth.org
93,CT,Waterbury,,St Mary's Hospital (Waterbury) Program,1400813530,Participating,https://www.trinityhealthofne.org/clinical-education-and-research/graduate-medical-education/saint-marys-hospital
94,CT,Waterbury,,Yale-New Haven Medical Center (Waterbury) Program,1400800910,Participating,http://residency.med.yale.edu/YaleWaterbury
95,DC,Washington,,George Washington University Program,1401021093,Participating,http://smhs.gwu.edu/medicine-residency
96,DC,Washington,,Howard University Program,1401021461,Participating,http://www.howard.edu/internalmedicine
97,DC,Washington,,MedStar Health/Georgetown University Hospital Program,1401021091,Participating,http://medicine.georgetown.edu/education/residency
98,DC,Washington,,MedStar Health/Georgetown-Washington Hospital Center Program,1401011097,Participating,http://www.medstarhealth.org/education/affiliated-hospitals-2/medstar-washington-hospital-center/internal-medicine-residency-2/#
99,DE,Dover,,Bayhealth Medical Center Program,1400900091,Participating,http://BayhealthGME.org
100,DE,Newark,,Sidney Kimmel Medical College at Thomas Jefferson University/Christiana Care Health Services Program,1400911090,Participating,http://residency.christianacare.org/im
101,FL,Atlantis,,University of Miami/JFK Medical Center Palm Beach Regional GME Consortium Program,1401131535,Participating,http://gme.med.miami.edu/palmbeach
102,FL,Aventura,,HCA Healthcare: East Florida Division GME: Aventura Hospital and Medical Center Program,1401100924,Participating,http://aventurahospital.com/professionals/graduate-medical-education/
103,FL,Boca Raton,,Florida Atlantic University Charles E. Schmidt College of Medicine Program,1401100923,Participating,http://med.fau.edu/residencies/internalmedicine
104,FL,Bradenton,,HCA Healthcare/USF Morsani College of Medicine GME: Blake Medical Center Program,1401100944,Participating,http://blakemedicalcenter.com/professionals/graduate-medical-education/
105,FL,Bradenton,,Manatee Memorial Hospital Program,1401100948,Participating,https://www.manateememorial.com/careers/graduate-medical-education
106,FL,Brandon,,HCA Healthcare/USF Morsani College of Medicine GME: Brandon Regional Hospital Program,1401100940,Participating,http://brandonhospital.com/
107,FL,Brooksville,,HCA Healthcare/USF Morsani College of Medicine GME: Oak Hill Hospital Program,1401100928,Participating,http://oakhillhospital.com
108,FL,Deerfield Beach,,Broward Health North Program,1401100001,Participating,https://gme.browardhealth.org/
109,FL,Fort Lauderdale,,Broward Health Program,1401100945,Participating,http://www.browardhealth.org/GME
110,FL,Fort Lauderdale,,University of Miami Hospital and Clinics/Holy Cross Hospital Program,1401100929,Participating,http://gme.med.miami.edu/holycross/news-events
111,FL,Gainesville,,University of Central Florida/HCA Healthcare GME (Gainesville) Program,1401100938,Participating,http://northfloridagme.com/internal-medicine/
112,FL,Gainesville,,University of Florida Program,1401121098,Participating,http://residency.medicine.ufl.edu/
113,FL,Hialeah,,Larkin Community Hospital Palm Springs Campus Program,1401100957,Participating,
114,FL,Hialeah,,Palmetto General Hospital Program,1401100953,Participating,https://pghgme.com/
115,FL,Hudson,,HCA Healthcare/USF Morsani College of Medicine GME: Regional Medical Center Bayonet Point Program,1401100951,Participating,http://rmchealth.com/gme/
116,FL,Inverness,,HCA Healthcare/USF Morsani College of Medicine GME: Citrus Memorial Hospital Program,1401100956,Participating,https://CitrusMH.com
117,FL,Jacksonville,,Mayo Clinic College of Medicine and Science (Jacksonville) Program,1401121509,Participating,https://college.mayo.edu/academics/residencies-and-fellowships/internal-medicine-residency-florida/
118,FL,Jacksonville,,University of Florida College of Medicine Jacksonville Program,1401121099,Participating,http://ufjaximresidency.com
119,FL,Largo,,HCA Healthcare/USF Morsani College of Medicine GME: Largo Medical Center Program,1401100946,Participating,https://largomedical.com/gme/residencies/internal-medicine/
120,FL,Miami,,HCA Healthcare: East Florida Division GME: Kendall Regional Medical Center Program,1401100926,Participating,http://kendallmed.com/im
121,FL,Miami,,University of Miami/Jackson Health System Program,1401121100,Participating,http://www.jmhmedicine.com
122,FL,Miami Beach,,Mount Sinai Medical Center of Florida Program,1401112101,Participating,http://www.msmc.com
123,FL,Naples,,NCH Healthcare System Program,1401100942,Participating,http://www.nchmd.org
124,FL,Ocala,,University of Central Florida/HCA Healthcare GME (Ocala) Program,1401100939,Participating,http://ocalahealthsystem.com/professionals/graduate-medical-education/internal-medicine/
125,FL,Orange Park,,HCA Healthcare/Mercer University School of Medicine/Orange Park Medical Center Program,1401100937,Participating,http://orangeparkmedical.com/
126,FL,Orlando,,AdventHealth Florida (Orlando) Program,1401131539,Participating,https://www.adventhealthorlandogme.com/
127,FL,Orlando,,Orlando Health Program,1401131102,Participating,http://www.orlandohealth.com/internal-medicine-residency
128,FL,Orlando,,University of Central Florida/HCA Healthcare GME (Greater Orlando) Program,1401100909,Participating,http://med.ucf.edu/academics/graduate-medical-program/
129,FL,Pembroke Pines,,"Memorial Healthcare System (Hollywood, Florida) Program",1401100950,Participating,https://www.mhs.net/medical-professionals/education/graduate-medical-education/residency-and-fellowship-programs
130,FL,Pensacola,,University of Florida College of Medicine (Pensacola) Program,1401100949,Participating,http://www.UFPensacolaGME.org
131,FL,Plantation,,HCA Healthcare: East Florida Division GME: Westside - Northwest Program,1401100955,Participating,
132,FL,Sarasota,,Florida State University College of Medicine (Sarasota) Program,1401100947,Participating,http://www.med.fsu.edu/gme
133,FL,Sebring,,AdventHealth Florida (Sebring) Program,1401100962,Participating,https://www.adventhealth.com/adventhealth-graduate-medical-education
134,FL,South Miami,,Larkin Community Hospital Program,1401100952,Not Participating,
135,FL,St Petersburg,,HCA Healthcare/USF Morsani College of Medicine GME: Northside Hospital Program,1401100943,Participating,https://northsidehospital.com/professionals/postgraduate-medical-education/
136,FL,Tallahassee,,Florida State University College of Medicine (Tallahassee) Program,1401100894,Participating,http://med.fsu.edu/?page=InternalMedicine.home
137,FL,Tampa,,University of South Florida Morsani Program,1401121104,Participating,https://health.usf.edu/medicine/internalmedicine/residency
138,FL,Trinity,,HCA Healthcare/USF Morsani College of Medicine GME: Medical Center Trinity Program,1401100959,Participating,https://medicalcentertrinity.com/gme/
139,FL,Weston,,Cleveland Clinic (Florida) Program,1401121528,Participating,http://my.clevelandclinic.org/florida/education/default.aspx
140,GA,Athens,,Augusta University/University of Georgia Medical Partnership Program,1401200926,Participating,http://medicalpartnership.usg.edu/education/graduate-medical-education
141,GA,Athens,,Piedmont Athens Regional Program,1401200928,Participating,http://gme.athenshealth.org
142,GA,Atlanta,,Emory University School of Medicine Program,1401221105,Participating,http://medicine.emory.edu/education/index.html
143,GA,Atlanta,,Morehouse School of Medicine Program,1401221502,Participating,
144,GA,Atlanta,,WellStar Atlanta Medical Center Program,1401212106,Participating,https://gme.wellstar.org/atlanta-medical-center/internal-medicine/
145,GA,Augusta,,Medical College of Georgia Program,1401221107,Participating,https://www.augusta.edu/mcg/residents/internalmed/index.php
146,GA,Dalton,,Hamilton Medical Center Program,1401200933,Participating,https://www.hamiltonhealth.com/intmed
147,GA,Gainesville,,Northeast Georgia Medical Center Program,1401200932,Participating,https://www.ngmcgme.org
148,GA,Lawrenceville,,"Northside Hospital - Gwinnett Program
 Osteopathic Recognized!",1401200925,Participating,http://northside.com/imresidency
149,GA,Macon,,HCA Healthcare/Mercer University School of Medicine/Coliseum Medical Centers Program,1401200931,Participating,http://coliseumhealthsystem.com/professionals/graduate-medical-education/internal-medicine/
150,GA,Macon,,The Medical Center Navicent Health/Mercer University School of Medicine Program,1401221491,Participating,https://www.navicenthealth.org/imres
151,GA,Marietta,,WellStar Kennestone Regional Medical Center Program,1401200929,Participating,http://gme.wellstar.org
152,GA,Rome,,HCA Healthcare Redmond Regional Medical Center Program,1401200930,Participating,https://redmondregional.com/graduate-medical-education/internal-medicine/
153,GA,Savannah,,HCA Healthcare/Mercer University School of Medicine/Memorial Health University Medical Center Program,1401212108,Participating,https://memorialhealth.com/graduate-medical-education/internal-medicine/
154,GA,Valdosta,,South Georgia Medical Center Program,1401200001,Participating,
155,HI,Honolulu,,Kaiser Permanente Hawaii Program,1401400904,Participating,http://residency.kp-hawaii.org/
156,HI,Honolulu,,University of Hawaii Program,1401421109,Participating,http://www.hawaiiresidency.org/internal-medicine-residency/internal-medicine-home
157,HI,Tripler AMC,,Tripler Army Medical Center Program,1401411007,Participating,https://tripler.tricare.mil/About-Us/Training-and-Education/Graduate-Medical-Education/Internal-Medicine-Residency
158,IA,Des Moines,,Iowa Medical Education Collaborative Program,1401800139,Participating,http://www.mercydesmoines.org/Residency/Internal-Medicine-Residency
159,IA,Des Moines,,University of Iowa (Des Moines) Program,1401831137,Participating,https://www.unitypoint.org/desmoines/internal-medicine-residency-program.aspx
160,IA,Iowa City,,University of Iowa Hospitals and Clinics Program,1401821138,Participating,https://gme.medicine.uiowa.edu/internal-medicine-residency
161,IA,Mason City,,MercyOne North Iowa Medical Center Program,1401800140,Participating,https://www.mercyone.org/northiowa/careers/graduate-medical-education/internal-medicine-residency/
162,ID,Boise,,University of Washington [Boise] Program,1401512544,Participating,https://uwboisemedres.uw.edu/
163,ID,Idaho Falls,,HCA Healthcare/Eastern Idaho Regional Medical Center Program,1401500546,Participating,https://eirmc.com/gme/
164,IL,Berwyn,,Loyola Medicine MacNeal Hospital Program,1401611454,Participating,https://macnealhospital.org/health-professionals/residency-programs/internal-medicine-residency
165,IL,Chicago,,AMITA Health/Saint Joseph Hospital (Chicago) Program,1401611122,Participating,https://www.amitahealth.org/for-healthcare-professionals/residency-programs/internal-medicine/amita-health-saint-joseph-hospital
166,IL,Chicago,,Advocate Health Care (Advocate Illinois Masonic Medical Center) Program,1401611114,Participating,https://bit.ly/2KOmn6U
167,IL,Chicago,,Cook County Health and Hospitals System Program,1401612113,Participating,http://www.cookcountyim.org
168,IL,Chicago,,Louis A Weiss Memorial Hospital Program,1401611115,Participating,https://www.weisshospital.com/for-health-professionals/education-training/residencies-fellowships
169,IL,Chicago,,Loyola University Medical Center/Trinity-Mercy Chicago Program,1401611116,Not Participating,
170,IL,Chicago,,McGaw Medical Center of Northwestern University Program,1401621119,Participating,http://www.nm.org
171,IL,Chicago,,Mount Sinai Hospital Medical Center of Chicago Program,1401621541,Participating,http://www.sinai.org/
172,IL,Chicago,,Rush University Medical Center Program,1401611121,Participating,http://www.rush.edu/professionals/gme/internal
173,IL,Chicago,,Swedish Hospital Program,1401600544,Participating,http://www.swedishcovenant.org
174,IL,Chicago,,University of Chicago Program,1401611123,Participating,http://imr.bsd.uchicago.edu/
175,IL,Chicago,,University of Illinois College of Medicine at Chicago Program,1401621124,Participating,http://resident.med.uic.edu
176,IL,Evanston,,AMITA Health/Saint Francis Hospital Program,1401611126,Participating,
177,IL,Evanston,,University of Chicago (NorthShore) Program,1401631125,Participating,http://www.northshore.org
178,IL,Kankakee,,Riverside Medical Center Program,1401600545,Participating,
179,IL,Maywood,,Loyola University Medical Center Program,1401621128,Participating,https://www.loyolamedicine.org/gme/internal-medicine-residency
180,IL,McHenry,,Chicago Medical School/Rosalind Franklin University of Medicine & Science/Northwestern Medicine McHenry Hospital Program,1401600543,Participating,https://mchenryresidency.nm.org/
181,IL,North Chicago,,Chicago Medical School/Rosalind Franklin University of Medicine & Science Program,1401621111,Participating,http://www.rosalindfranklin.edu/cms/medicine.aspx
182,IL,Oak Lawn,,University of Illinois College of Medicine at Chicago/Advocate Christ Medical Center Program,1401621129,Participating,http://www.christimres.com
183,IL,Oak Park,,West Suburban Medical Center Program,1401621467,Participating,http://www.westsuburbanmc.com
184,IL,Olympia Fields,,Franciscan Health Olympia Fields Program,1401600546,Participating,http://Franciscaninternalmedicine.com
185,IL,Park Ridge,,"Advocate Health Care (Advocate Lutheran General Hospital) Program
 Osteopathic Recognized!",1401621130,Participating,http://www.advocatehealth.com/body.cfm?id=1279
186,IL,Peoria,,University of Illinois College of Medicine at Peoria Program,1401631131,Participating,http://peoria.medicine.uic.edu/internal-med-residency/
187,IL,Rockford,,Mercyhealth GME Consortium Program,1401600547,Participating,https://mercyhealthsystem.org/program/mercyhealth-internal-medicine-residency-program/
188,IL,Springfield,,Southern Illinois University Program,1401621132,Participating,http://www.siumed.edu/im/internal-medicine-residency-program.html
189,IL,Urbana,,Carle Foundation Hospital Program,1401621456,Participating,https://carle.org/residencies/Champaign-Urbana/Internal-Medicine
190,IN,Fort Wayne,,Parkview Health Program,1401700002,Participating,https://www.parkview.com/graduate-medical-education/internal-medicine-residency/internal-medicine-residency
191,IN,Indianapolis,,Ascension St Vincent Hospital Indianapolis Preliminary Program,1401711135,Participating,https://www.stvincent.org/Medical-Education/Transitional-Preliminary-Residency
192,IN,Indianapolis,,Ascension St Vincent Hospital Indianapolis Program,1401711135,Participating,https://www.stvincent.org/medical-education/internal-medicine-residency
193,IN,Indianapolis,,Indiana University School of Medicine Program,1401721133,Not Participating,
194,IN,Muncie,,Indiana University Health Ball Memorial Hospital Program,1401711136,Participating,http://www.iuhealth.org/ballresidency
195,IN,Vincennes,,Indiana University School of Medicine (Southwest Indiana) Program,1401700138,Participating,https://medicine.iu.edu/departments/internal-medicine/education-programs/residency/southwest/
196,KS,Kansas City,,University of Kansas School of Medicine Program,1401921139,Participating,http://www.kumc.edu/school-of-medicine/internal-medicine/residency-program.html
197,KS,Overland Park,,HCA Healthcare Kansas City Program,1402800917,Participating,https://online.flippingbook.com/view/131609/28/
198,KS,Wichita,,University of Kansas (Wichita) Program,1401921140,Participating,http://wichita.kumc.edu/internal-medicine/residents.html
199,KY,Bowling Green,,University of Kentucky College of Medicine (Bowling Green) Program,1402000144,Participating,http://mcbg.org/medical_education/
200,KY,Lexington,,University of Kentucky College of Medicine Program,1402021141,Participating,https://www.wildcatmed.com/
201,KY,Louisville,,University of Louisville School of Medicine Program,1402031142,Participating,http://louisville.edu/medschool/internalmedicine/residency
202,KY,Somerset,,Appalachian Osteopathic Postgraduate Training Institute Consortium/Lake Cumberland Regional Hospital Program,1402000143,Participating,https://lakecumberlandhospital.com
203,KY,Whitesburg,,"Appalachian Regional Healthcare, Inc. Program",1402000145,Not Participating,
204,LA,Baton Rouge,,Baton Rouge General Program,1402131543,Participating,http://brgimrp.com
205,LA,Baton Rouge,,Louisiana State University (Baton Rouge) Preliminary Program,1402121507,Participating,http://residents.lsuhsc.edu/br/im/
206,LA,Baton Rouge,,Louisiana State University (Baton Rouge) Program,1402121507,Participating,http://residents.lsuhsc.edu/br/im/
207,LA,Houma,,Leonard J Chabert Medical Center Program,1402121537,Participating,https://www.slma.cc/internal-medicine-residency-program/
208,LA,Lafayette,,LSU Health Sciences Center/University Hospital and Clinics (Lafayette) Program,1402111144,Participating,http://residents.lsuhsc.edu/laf/im
209,LA,New Orleans,,Louisiana State University Program,1402121143,Participating,https://www.medschool.lsuhsc.edu/internal_medicine/residency/
210,LA,New Orleans,,Ochsner Clinic Foundation Program,1402122146,Participating,http://www.ochsner.org/internalmedicineresidency
211,LA,New Orleans,,Tulane University Program,1402121147,Participating,https://medicine.tulane.edu/internal-medicine-residency
212,LA,Shreveport,,Louisiana State University (Shreveport) Program,1402121148,Participating,http://www.sh.lsuhsc.edu/Internal_Medicine/
213,MA,Boston,,Beth Israel Deaconess Medical Center Program,1402421162,Participating,https://www.bidmc.org/medical-education/medical-education-by-department/medicine/internal-medicine-residency-program
214,MA,Boston,,Boston University Medical Center Program,1402431164,Participating,http://www.bumc.bu.edu/im-residency/
215,MA,Boston,,Brigham and Women's Hospital Program,1402421172,Participating,https://imacademics.brighamandwomens.org/
216,MA,Boston,,Massachusetts General Hospital Program,1402411169,Participating,https://www.massgeneral.org/medicine/education/residency.aspx?id=47
217,MA,Boston,,St Elizabeth's Medical Center Program,1402421173,Participating,http://www.semc.org/internal-medicine-residency
218,MA,Boston,,Tufts Medical Center Program,1402421171,Participating,https://www.tuftsmedicalcenter.org/patient-care-services/Departments-and-Services/Medicine/Training-Education/Internal-Medicine-
219,MA,Burlington,,Lahey Clinic Program,1402421511,Participating,http://www.Lahey.org
220,MA,Cambridge,,Cambridge Health Alliance Program,1402411175,Participating,http://www.challiance.org
221,MA,Cambridge,,Mount Auburn Hospital Program,1402411176,Participating,http://www.mountauburnhospital.org/
222,MA,Dorchester,,Steward Carney Hospital Program,1402411166,Participating,http://www.steward.org/Medical-Professional-Education/Carney-Hospital/Internal-Medicine-Residency
223,MA,Framingham,,MetroWest Medical Center Program,1402421177,Not Participating,
224,MA,Pittsfield,,"Berkshire Medical Center Program
 Osteopathic Recognized!",1402411179,Participating,https://www.berkshirehealthsystems.org/IMResidency
225,MA,Salem,,Salem Hospital Program,1402412180,Participating,http://nsmc.partners.org/residency
226,MA,Springfield,,UMMS-Baystate Program,1402411181,Participating,http://www.baystatehealth.org/medresidency
227,MA,Worcester,,St Vincent Hospital Program,1402411183,Participating,https://www.stvincenthospital.com/for-health-professionals/residencies-fellowships/internal-medicine-residency-program
228,MA,Worcester,,University of Massachusetts Program,1402421184,Participating,http://www.umassmed.edu/internal-medicine-residency/
229,MD,Annapolis,,Anne Arundel Medical Center Program,1402300491,Participating,http://aahs.org/GME/Residency/Internal-Medicine-Residency-Program
230,MD,Baltimore,,Greater Baltimore Medical Center Program,1402331152,Participating,http://www.gbmc.org/residency
231,MD,Baltimore,,Johns Hopkins University Program,1402311153,Participating,http://www.hopkinsmedicine.org/Medicine/hstrainingprogram/index.html
232,MD,Baltimore,,Johns Hopkins University/Bayview Medical Center Program,1402311150,Participating,http://www.hopkinsmedicine.org/jhbmc/IMresidency
233,MD,Baltimore,,MedStar Health (Baltimore) Program,1402312159,Participating,http://www.medstarhealth.org/mhim
234,MD,Baltimore,,Sinai Hospital of Baltimore Program,1402312157,Participating,http://www.lifebridgehealth.org/Sinai/SinaiHospitalPrograminInternalMedicine.aspx
235,MD,Baltimore,,St Agnes HealthCare Program,1402312156,Participating,https://www.stagnes.org/residency/medical-residency/overview/
236,MD,Baltimore,,University of Maryland Medical Center Midtown Campus Program,1402311154,Participating,http://ummidtown.org/
237,MD,Baltimore,,University of Maryland Program,1402321160,Participating,http://www.umm.edu/imres
238,MD,Baltimore,,University of Maryland at Mercy Medical Center Preliminary Program,1402321160,Participating,http://www.mercyresidency.org
239,MD,Gaithersburg,,Kaiser Permanente Mid-Atlantic States Program,1402300490,Participating,https://residency-mas.kp.org/
240,MD,largo,,University of Maryland Prince George's Hospital Center Program,1402321161,Participating,http://www.dimensionshealth.com/im
241,ME,Portland,,Maine Medical Center Program,1402211149,Participating,http://www.mmc.org/imresidency
242,MI,Ann Arbor,,University of Michigan Health System Program,1402521187,Participating,http://www.med.umich.edu/intmed/resident/
243,MI,Clinton Township,,Henry Ford Macomb Hospital Program,1402500922,Participating,https://www.henryford.com/hcp/med-ed/residencies-fellowships/macomb/internal-med
244,MI,Commerce Township,,Detroit Medical Center Corporation (Huron Valley-Sinai)) Program,1402500919,Not Participating,
245,MI,Dearborn,,Beaumont Health (Dearborn) Program,1402531188,Participating,https://www.Beaumont.edu
246,MI,Detroit,,Ascension St John Hospital Program,1402511191,Participating,https://medicaleducationsjp.com/medical-education/residency-programs/internal-medicine-residency
247,MI,Detroit,,Detroit Medical Center/Wayne State University (Sinai Grace) Program,1402521506,Participating,http://www.sgintmed.org/
248,MI,Detroit,,Detroit Medical Center/Wayne State University Program,1402521194,Participating,http://intmed.med.wayne.edu
249,MI,Detroit,,Detroit Wayne County Health Authority (Authority Health) GME Consortium Program,1402500923,Participating,http://www.authorityhealth.org/authority-health-gme/medical-residency-programs/internal-medicine-residency-program/
250,MI,Detroit,,Henry Ford Hospital Program,1402511189,Participating,https://www.henryford.com/hcp/med-ed/residencies-fellowships/hfh/internal-med
251,MI,East Lansing,,Sparrow Hospital/Michigan State University Program,1402521195,Participating,http://www.im.msu.edu
252,MI,Farmington Hills,,Beaumont Health (Farmington Hills) Program,1402500918,Participating,
253,MI,Flint,,Hurley Medical Center/Michigan State University Program,1402531196,Participating,http://www.hurleymc.com
254,MI,Flint,,McLaren Health Care/Flint/MSU Program,1402521471,Participating,http://www.mclaren.org
255,MI,Garden City,,Garden City Hospital Program,1402500915,Participating,
256,MI,Grand Blanc,,"Ascension Genesys Hospital Program
 Osteopathic Recognized!",1402500913,Participating,https://www.genesysmeded.com
257,MI,Grand Rapids,,Mercy Health Grand Rapids Program,1402500927,Not Participating,
258,MI,Grand Rapids,,Spectrum Health/Michigan State University Program,1402531198,Participating,https://www.spectrumhealth.org/medicaleducation/residencies/internal-medicine
259,MI,Jackson,,Henry Ford Allegiance Health Program,1402500912,Participating,https://www.henryford.com/hcp/med-ed/residencies-fellowships/allegiance/internal-medicine
260,MI,Kalamazoo,,"Western Michigan University Homer Stryker MD School of Medicine Program
 Osteopathic Recognized!",1402521199,Participating,http://www.med.wmich.edu
261,MI,Lansing,,McLaren Health Care/Greater Lansing/MSU Program,1402500926,Participating,https://sites.google.com/mclarenmeded.org/mglmeded/residencies/internal-medicine
262,MI,Livonia,,St Mary Mercy Hospital Program,1402512540,Participating,http://www.stmarymercy.org/meded
263,MI,Mount Clemens,,McLaren Health Care/Macomb/MSU Program,1402500925,Participating,https://www.mclaren.org/gme-medical-education/mclaren-residency-programs/22
264,MI,Muskegon,,Mercy Health Program,1402500920,Participating,http://mercyhealthmuskegon.com/internal-medicine-residency-program
265,MI,Pontiac,,McLaren Health Care/Oakland/MSU Program,1402500917,Participating,http://www.mclaren.org/oakland/gme.aspx
266,MI,Pontiac,,St Joseph Mercy-Oakland Program,1402511200,Participating,http://www.stjoesoakland.org
267,MI,Rochester,,Wayne State University School of Medicine Program,1402500896,Participating,http://intmed.med.wayne.edu/index.php
268,MI,Royal Oak,,Beaumont Health (Royal Oak) Program,1402512201,Participating,Http://www.beaumont.edu/medical-education/residencies/internal-medicine-residency/
269,MI,Saginaw,,Central Michigan University College of Medicine Program,1402531202,Participating,https://www.med.cmich.edu/residency
270,MI,Southfield,,Ascension Providence/MSUCHM Program,1402511203,Participating,http://www.aphinternalmedicine.org
271,MI,St. Joseph,,Spectrum Health Lakeland Program,1402500914,Participating,https://www.spectrumhealthlakeland.org/gme-residency/internal-medicine-residency
272,MI,Trenton,,Beaumont Health (Trenton) Program,1402500928,Participating,http://www.beaumont.edu
273,MI,Warren,,Ascension Macomb-Oakland Hospital Program,1402500921,Participating,http://medicaleducationsjp.com/medical-education-at-ascension-macomb-oakland-hospital
274,MI,Wyoming,,"Metro Health University of Michigan Health (Metro Health) Program
 Osteopathic Recognized!",1402500916,Participating,https://metrohealth.net/about-metro-health/careers/medical-education/
275,MI,Ypsilanti,,St Joseph Mercy Ann Arbor Program,1402512186,Not Participating,
276,MN,Minneapolis,,Abbott-Northwestern Hospital Program,1402631204,Participating,http://www.anwresidency.com
277,MN,Minneapolis,,Hennepin Healthcare Program,1402631207,Not Participating,
278,MN,Minneapolis,,University of Minnesota Program,1402621205,Participating,http://www.medres.umn.edu
279,MN,Rochester,,Mayo Clinic College of Medicine and Science (Rochester) Program,1402621208,Participating,http://www.mayo.edu/msgme/residencies-fellowships/internal-medicine-and-subspecialties/internal-medicine-residency-minnesota
280,MO,Columbia,,University of Missouri-Columbia Program,1402821210,Participating,https://medicine.missouri.edu/departments/medicine/residency
281,MO,Joplin,,Kansas City University GME Consortium (KCU-GME Consortium)/Freeman Program,1402800915,Participating,https://www.freemanhealth.com/graduate-medical-education
282,MO,Kansas City,,University of Missouri-Kansas City School of Medicine Program,1402831214,Participating,http://med.umkc.edu/im/residency/
283,MO,Kirksville,,Still OPTI Program,1402800914,Not Participating,
284,MO,Poplar Bluff,,Arkansas College of Osteopathic Medicine/Poplar Bluff Program,1402800916,Participating,https://www.pbrmc.com/medical-education-and-residency
285,MO,St Louis,,Mercy Hospital (St Louis) Program,1402831217,Participating,http://www.mercygme.net
286,MO,St Louis,,St Louis University School of Medicine Program,1402821218,Participating,http://internalmed.slu.edu/residency
287,MO,St Louis,,St Luke's Hospital Program,1402821219,Participating,http://www.stlukes-stl.com
288,MO,St Louis,,Washington University/B-JH/SLCH Consortium Program,1402821215,Participating,https://internalmedicineresidency.wustl.edu/
289,MO,St. Louis,,SSM St Mary's Hospital-St Louis Program,1402811220,Participating,https://www.ssmhealth.com/resources/for-health-professionals/residencies/medical-residencies/st-marys-hospital-internal-medic
290,MS,Columbus,,Baptist Memorial Medical Education (Columbus) Program,1402700211,Participating,https://www.baptistonline.org/physician-resources/internal-medicine-residency/golden-triangle
291,MS,Corinth,,Magnolia Regional Health Center Program,1402700210,Participating,http://www.mrhc.org
292,MS,Hattiesburg,,Merit Health Wesley Program,1402700212,Participating,https://www.merithealthwesley.com/internal-medicine-residency
293,MS,Jackson,,University of Mississippi Medical Center Program,1402721209,Participating,http://medres.umc.edu/ourprogram/index.html
294,MS,Oxford,,Baptist Memorial Medical Education (Oxford) Program,1404200003,Participating,https://www.bmme-imresidency-northmississippi.org
295,MS,Tupelo,,North Mississippi Medical Center Program,1402700213,Participating,https://nmhs.net
296,MT,Billings,,Billings Clinic Program,1402900919,Participating,https://billingsclinicimr.org/
297,NC,Asheville,,Mountain Area Health Education Center Program,1403600333,Participating,https://mahec.net/residency-and-student-info/residency-programs/internal-medicine
298,NC,Chapel Hill,,University of North Carolina Hospitals Program,1403621318,Participating,http://medicine.med.unc.edu/
299,NC,Charlotte,,Carolinas Medical Center Program,1403611319,Participating,https://atriumhealth.org/education/graduate-medical-education/physician-residencies/internal-medicine
300,NC,Durham,,Duke University Hospital Program,1403621320,Participating,http://residency.medicine.duke.edu
301,NC,Fayetteville,,Campbell University/Cape Fear Valley Medical Center Program,1403600328,Participating,http://www.capefearvalley.com/residency/
302,NC,Greensboro,,Cone Health Program,1403611321,Participating,http://www.conehealth.com/internal-medicine-residency-program
303,NC,Greenville,,Vidant Medical Center/East Carolina University Program,1403611323,Participating,http://www.ecu.edu/im/
304,NC,Lillington,,Campbell University/Harnett Health Program,1403600329,Participating,
305,NC,Lumberton,,Campbell University/Southeastern Regional Medical Center Program,1403600327,Participating,http://www.srmc.org/main/internalmedicineresidency.html
306,NC,Morganton,,Carolinas HealthCare System Blue Ridge Program,1403600326,Participating,http://www.blueridgehealth.org
307,NC,Raleigh,,WakeMed Health and Hospitals Program,1403600332,Participating,https://www.wakemed.org/careers/graduate-medical-education/internal-medicine-residency-program/
308,NC,Wilmington,,New Hanover Regional Medical Center Program,1403611324,Participating,http://www.nhrmcinternalmedicineresidency.com/
309,NC,Winston-Salem,,Wake Forest University School of Medicine Program,1403621325,Participating,https://school.wakehealth.edu/Education-and-Training/Residencies-and-Fellowships/Internal-Medicine-Residency
310,ND,Fargo,,University of North Dakota Program,1403721326,Participating,https://med.und.edu/residency-programs/internal-medicine/
311,NE,Omaha,,Creighton University School of Medicine (Omaha) Program,1403021222,Participating,http://medschool.creighton.edu/gme/programs/internalmedicine/
312,NE,Omaha,,University of Nebraska Medical Center College of Medicine Program,1403021224,Participating,http://www.unmc.edu/intmed/residency
313,NH,Lebanon,,Dartmouth-Hitchcock/Mary Hitchcock Memorial Hospital Program,1403221225,Participating,http://gme.dartmouth-hitchcock.org/im.html
314,NH,Portsmouth,,HCA Healthcare/Tufts University School of Medicine: Portsmouth Regional Hospital Program,1403200226,Not Participating,
315,NJ,Atlantic City,,"AtlantiCare Regional Medical Center Program
 Osteopathic Recognized!",1403331226,Participating,https://www.atlanticare.org/for-healthcare-professionals/careers/medical-education/internal-medicine-residency/
316,NJ,Bayonne,,Hoboken University Medical Center Program,1403300537,Participating,
317,NJ,Brick,,Ocean Medical Center Program,1403300538,Participating,https://www.oceanmedicalcenter.com/health-professionals/residency-and-fellowship-programs/internal-medicine-residency-program/
318,NJ,Camden,,Cooper Medical School of Rowan University/Cooper University Hospital Program,1403321227,Participating,http://www.cooperhealth.edu/residencies/internal-medicine
319,NJ,Denville,,Prime Health Care Consortium at St. Mary's and St. Clare Denville Hospital Program,1403300539,Participating,https://www.smh-nj.com/graduate-medical-education/
320,NJ,ENGLEWOOD,,Hackensack University Medical Center/Englewood Hospital and Medical Center Program,1403321228,Participating,https://www.englewoodhealth.org/internal-medicine-residency-program
321,NJ,Elizabeth,,Rutgers Health/Trinitas Regional Medical Center Program,1403321498,Participating,http://trinitasrmc.org/residency.htm
322,NJ,Hackensack,,Hackensack University Medical Center Program,1403300536,Participating,https://www.hackensackumc.org/health-professionals/education-training/residencies/internal-medicine-residency/
323,NJ,Jersey City,,Rutgers Health/Jersey City Medical Center Program,1403321232,Participating,https://www.rwjbh.org/for-healthcare-professionals/medical-education/jersey-city-medical-center/internal-medicine-residency/abou
324,NJ,Livingston,,Rutgers Health/St Barnabas Medical Center Program,1403312457,Not Participating,
325,NJ,Long Branch,,Rutgers Health/Monmouth Medical Center Program,1403311233,Participating,https://www.rwjbh.org/for-healthcare-professionals/medical-education/monmouth-medical-center/
326,NJ,Montclair,,Hackensack University Medical Center (Mountainside) Program,1403311234,Participating,http://www.mountainsideresidencies.com
327,NJ,Morristown,,Atlantic Health (Morristown) Program,1403311235,Participating,http://www.atlantichealth.org/morristown/for-professionals/residents-fellows/residency-programs/internal-medicine.html
328,NJ,Mullica Hill,,Inspira Health Network/Inspira Medical Center - Mullica Hill Program,1403300541,Participating,https://www.inspirahealthnetwork.org
329,NJ,Neptune,,Jersey Shore University Medical Center Program,1403312236,Participating,https://www.jerseyshoreuniversitymedicalcenter.com/health-professionals/education/internal-medicine-residency-program/
330,NJ,New Brunswick,,Rutgers Health/Robert Wood Johnson Medical School Program,1403321243,Participating,http://rwjms.rutgers.edu/departments_institutes/medicine/residency/
331,NJ,New Brunswick,,Saint Peter's University Hospital/Rutgers Robert Wood Johnson Medical School Program,1403321531,Participating,https://www.saintpetershcs.com/
332,NJ,Newark,,New York Medical College at St Michael's Medical Center Program,1403300532,Participating,https://www.smmcnj.com/medical-education/
333,NJ,Newark,,Rutgers Health/New Jersey Medical School Program,1403321237,Participating,http://njms.rutgers.edu/departments/medicine/internal_medicine
334,NJ,Newark,,Rutgers Health/Newark Beth Israel Medical Center Program,1403321518,Participating,http://www.barnabashealth.org/education/nbi/nbimedres/index.html
335,NJ,North Bergen,,Hackensack University Medical Center (Palisades) Program,1403300534,Participating,https://palisadesmedical.org/health-professionals/residencies/internal-medicine-residency-program/
336,NJ,Paterson,,St Joseph's University Medical Center Program,1403321522,Participating,http://www.stjosephshealth.org
337,NJ,Perth Amboy,,JFK Medical Center/Raritan Bay Medical Center Program,1403321466,Not Participating,
338,NJ,Stratford,,"RowanSOM/Jefferson Health/Virtua Our Lady of Lourdes Hospital Program
 Osteopathic Recognized!",1403300535,Participating,https://som.rowan.edu/graduate/residency/internal/index.html
339,NJ,Summit,,Atlantic Health (Overlook) Program,1403311245,Participating,https://www.atlantichealth.org/professionals-medical-education/residencies-fellowships/internal-medicine-residency-overlook.html
340,NJ,Toms River,,Rutgers Health/Community Medical Center Program,1403300540,Participating,https://www.rwjbh.org/for-healthcare-professionals/medical-education/community-medical-center/internal-medicine-residency/
341,NJ,Trenton,,Capital Health Regional Medical Center Program,1403321246,Participating,http://www.capitalhealth.org/residents
342,NJ,Trenton,,Jersey Shore University Medical Center/St. Francis Medical Center Program,1403313523,Participating,http://www.stfrancismedical.com
343,NJ,Vineland,,Inspira Health Network/Inspira Medical Center Vineland Program,1403300533,Participating,http://www.inspirahealthnetwork.org/?id=5527&sid=1
344,NM,Albuquerque,,University of New Mexico School of Medicine Program,1403421247,Participating,https://medicine.unm.edu/education/im-residency/
345,NM,Las Cruces,,"Mountain View Regional Medical Center Program
 Osteopathic Recognized!",1403400248,Participating,https://www.mountainviewregional.com/graduate-medical-education-internal-medicine
346,NV,Las Vegas,,HCA Healthcare Sunrise Health Graduate Medical Education Program,1403100498,Participating,http://www.sunrisehealthgme.com/
347,NV,Las Vegas,,OPTI West/Valley Hospital (Las Vegas) Program,1403100499,Participating,https://www.valleyhospital.net/graduate-medical-education
348,NV,Las Vegas,,University of Nevada Las Vegas (UNLV) School of Medicine Program,1403121497,Participating,https://www.unlv.edu/medicine/internal-medicine
349,NV,Reno,,University of Nevada Reno School of Medicine Program,1403121483,Participating,http://medicine.nevada.edu/reno/internal-medicine/residency
350,NY,Albany,,Albany Medical Center Program,1403531248,Participating,http://www.amc.edu
351,NY,Bronx,,BronxCare Health System Program,1403511263,Participating,
352,NY,Bronx,,Icahn School of Medicine at Mount Sinai (Bronx) Program,1403531517,Not Participating,
353,NY,Bronx,,Jacobi Medical Center Program,1403500002,Participating,
354,NY,Bronx,,Jacobi Medical Center/Albert Einstein College of Medicine Program,1403531521,Participating,http://www.jacobimed.org
355,NY,Bronx,,Lincoln Medical and Mental Health Center Program,1403521470,Participating,http://www.linmed.org
356,NY,Bronx,,Montefiore Medical Center/Albert Einstein College of Medicine (Moses and Weiler Campuses) Program,1403521287,Participating,http://www.einstein.yu.edu/departments/medicine/education/residency/
357,NY,Bronx,,Montefiore Medical Center/Albert Einstein College of Medicine (Wakefield Campus) Program,1403521285,Participating,http://www.montefiore.org
358,NY,Bronx,,St Barnabas Hospital Program,1403521485,Participating,http://www.sbhny.org/
359,NY,Brooklyn,,Brooklyn Hospital Center Program,1403512265,Participating,http://www.tbh.org
360,NY,Brooklyn,,Coney Island Hospital Program,1403511269,Participating,https://www.nychealthandhospitals.org/coneyisland/internal-medicine-residency-programs/
361,NY,Brooklyn,,Family Health Center at NYU Langone Program,1403500921,Participating,https://med.nyu.edu/departments-institutes/medicine/education/internal-medicine-residency/residency-tracks/family-health-centers
362,NY,Brooklyn,,Maimonides Medical Center Program,1403511283,Participating,http://www.maimonidesmed.org
363,NY,Brooklyn,,New York-Presbyterian Brooklyn Methodist Hospital Program,1403511284,Participating,https://www.nyp.org/brooklyn/medical-education/medical-residency-programs/internal-medicine
364,NY,Brooklyn,,One Brooklyn Health System/Brookdale University Hospital and Medical Center Program,1403511264,Participating,http://www.brookdale.edu/html/residency/postgraduate.htm
365,NY,Brooklyn,,One Brooklyn Health System/Interfaith Medical Center Program,1403521276,Not Participating,
366,NY,Brooklyn,,SUNY Downstate Health Sciences University (Primary Care) Program,1403500933,Participating,http://downstatepcresidency.org
367,NY,Brooklyn,,SUNY Downstate Health Sciences University Program,1403521305,Participating,http://www.downstate.edu
368,NY,Brooklyn,,Woodhull Medical and Mental Health Center Program,1403521487,Participating,
369,NY,Brooklyn,,Wyckoff Heights Medical Center Program,1403521520,Participating,
370,NY,Buffalo,,University at Buffalo (Catholic Health System--Sisters of Charity) Program,1403521251,Participating,http://www.chsbuffalo.org/Education/GME/InternalMedicineTraining
371,NY,Buffalo,,University at Buffalo Program,1403531252,Participating,http://medicine.buffalo.edu/departments/medicine.html
372,NY,Cooperstown,,Bassett Medical Center Program,1403511253,Participating,https://www.bassett.org/medical-education/residency-programs
373,NY,East Meadow,,Nassau University Medical Center Program,1403521254,Participating,http://www.numc.edu
374,NY,Elmhurst,,Icahn School of Medicine at Mount Sinai (NYC Health and Hospitals: Elmhurst) Program,1403511268,Participating,http://icahn.mssm.edu/education/residencies-and-fellowships/consortium-of-graduate-medical-education/directory
375,NY,Elmira,,Arnot Ogden Medical Center Program,1403500927,Not Participating,
376,NY,Far Rockaway,,St John's Episcopal Hospital-South Shore Program,1403521486,Participating,
377,NY,Flushing,,Flushing Hospital Medical Center Program,1403511272,Participating,https://www.flushinghospital.org/education/internal-medicine/
378,NY,Flushing,,New York-Presbyterian/Queens Program,1403511262,Participating,https://www.nyp.org/queens/graduate-medical-education/internal-medicine
379,NY,Forest Hills,,Zucker School of Medicine at Hofstra/Northwell at Forest Hills Hospital Program,1403521468,Participating,https://www.northwell.edu/
380,NY,Ithaca,,Cayuga Medical Center Program,1403500931,Participating,http://www.cmcresidency.org
381,NY,Jamaica,,Icahn School of Medicine at Mount Sinai (NYC Health and Hospitals: Queens) Program,1403521510,Participating,http://www.queensinternalmedicine.org
382,NY,Jamaica,,Jamaica Hospital Medical Center Program,1403512275,Participating,
383,NY,Johnson City,,"United Health Services Hospitals Program
 Osteopathic Recognized!",1403531255,Participating,https://www.nyuhs.org/why-choose-us/academic-affairs
384,NY,Middletown,,Garnet Health Medical Center Program,1403500928,Not Participating,
385,NY,Mineola,,NYU Long Island School of Medicine Program,1403511256,Participating,http://www.nyuwinthrop.org
386,NY,New Hyde Park,,Zucker School of Medicine at Hofstra/Northwell Program,1403521281,Participating,https://www.northwell.edu/research-and-education/graduate-medical-education/hofstra-northwell-school-of-medicine-residency-progr
387,NY,New Rochelle,,Montefiore Medical Center/Albert Einstein College of Medicine (New Rochelle) Program,1403511258,Participating,http://www.montefiorehealthsystem.org
388,NY,New York,,Harlem Hospital Center Program,1403511273,Participating,http://www.columbia.edu/cu/HarlemMedicine
389,NY,New York,,Icahn School of Medicine at Mount Sinai (Beth Israel) Program,1403511261,Participating,http://icahn.mssm.edu/departments-and-institutes/medicine/programs-and-services/education/bi-internal-medicine-residency
390,NY,New York,,Icahn School of Medicine at Mount Sinai (Morningside/West) Program,1403521301,Participating,http://icahn.mssm.edu/education/residencies-fellowships/list/msslw-internal-medicine-residency
391,NY,New York,,Icahn School of Medicine at Mount Sinai (Mount Sinai Hospital) Program,1403531288,Participating,http://www.mssm.edu/departments-and-institutes/medicine/programs-and-services/education/internal-medicine-residency
392,NY,New York,,NYU Grossman School of Medicine Program,1403521292,Participating,https://med.nyu.edu/medicine/education/residency-programs
393,NY,New York,,New York Medical College (Metropolitan) Program,1403531290,Participating,http://www.nymc.edu/metres
394,NY,New York,,New York Presbyterian Hospital (Columbia Campus) Program,1403511297,Participating,https://www.columbiamedhousestaff.com/
395,NY,New York,,New York Presbyterian Hospital (Cornell Campus) Program,1403521270,Participating,http://medicine.weill.cornell.edu/residency
396,NY,New York,,Zucker School of Medicine at Hofstra/Northwell at Lenox Hill Hospital Program,1403511278,Participating,http://cafeloggia.com
397,NY,Newburgh,,Montefiore St Luke's Cornwall Program,1403500001,Participating,
398,NY,Oceanside,,Icahn School of Medicine at Mount Sinai (South Nassau) Program,1403500930,Participating,http://www.southnassau.org/internalmedicineresidency
399,NY,Patchogue,,Long Island Community Hospital Program,1403500929,Participating,http://licommunityhospitalresidency.org
400,NY,Port Jefferson,,Zucker School of Medicine at Hofstra/Northwell at Mather Hospital Program,1403500922,Participating,https://www.matherhospital.org/graduate-medical-education/internal-medicine-residency/
401,NY,Poughkeepsie,,Nuvance Health Program,1403500932,Participating,https://learning.nuvancehealth.org/
402,NY,Rochester,,Rochester General Hospital Program,1403531314,Participating,http://www.rochesterregional.org/imrp
403,NY,Rochester,,Rochester Regional Health/Unity Hospital (Rochester) Program,1403531527,Participating,http://www.unityhealthresidency.org
404,NY,Rochester,,University of Rochester Program,1403511313,Participating,http://internal-med-residency.urmc.edu
405,NY,Southampton,,Stony Brook Medicine/Southampton Hospital Program,1403500923,Participating,https://southampton.stonybrookmedicine.edu/rpsom
406,NY,Staten Island,,Richmond University Medical Center Program,1403511303,Participating,
407,NY,Staten Island,,Zucker School of Medicine at Hofstra/Northwell at Staten Island University Hospital Preliminary Program,1403511304,Participating,http://www.siuh.edu
408,NY,Staten Island,,Zucker School of Medicine at Hofstra/Northwell at Staten Island University Hospital Program,1403511304,Participating,https://siuh.northwell.edu/
409,NY,Stony Brook,,Stony Brook Medicine/University Hospital Program,1403521315,Participating,http://medicine.stonybrookmedicine.edu/medicine/residency
410,NY,Syracuse,,SUNY Upstate Medical University Program,1403521316,Participating,http://www.upstate.edu/medresidency/prospective/
411,NY,Valhalla,,Westchester Medical Center Program,1403511317,Participating,https://www.westchestermedicalcenter.org/medicine
412,NY,Watertown,,Samaritan Medical Center Program,1403500926,Not Participating,
413,NY,Yonkers,,St. John's Riverside Hospital Program,1403500924,Participating,http://www.sjrhmededim.org
414,OH,Akron,,Akron General Medical Center/NEOMED Program,1403811328,Participating,http://www.akrongeneral.org/internalmedicineresidency
415,OH,Akron,,Summa Health System/NEOMED Program,1403811327,Participating,http://summahealth.org\medicaleducation
416,OH,Bedford,,University Hospitals Osteopathic Consortium (UHOC) Program,1403800541,Participating,
417,OH,Canton,,Canton Medical Education Foundation/NEOMED Program,1403821330,Participating,http://www.cmefonline.com
418,OH,Chillicothe,,Adena Regional Medical Center Program,1403800539,Participating,http://www.adena.org/inside/paccar/page.dT/about
419,OH,Cincinnati,,Christ Hospital Program,1403811331,Participating,http://www.thechristhospital.com
420,OH,Cincinnati,,Jewish Hospital of Cincinnati Program,1403811333,Participating,https://www.mercy.com/about-us/careers/graduate-medical-education/locations/cincinnati/internal-medicine-residency-at-the-jewish
421,OH,Cincinnati,,TriHealth (Good Samaritan Hospital) Program,1403831332,Not Participating,
422,OH,Cincinnati,,University of Cincinnati Medical Center/College of Medicine Program,1403821334,Participating,http://med.uc.edu/intmed/education/residency/internal-medicine/director-welcome
423,OH,Cleveland,,Case Western Reserve University/University Hospitals Cleveland Medical Center Program,1403821335,Participating,http://casemedicine.org
424,OH,Cleveland,,Cleveland Clinic Foundation Program,1403812339,Participating,http://my.clevelandclinic.org/internal_medicine_residency/default.aspx
425,OH,Cleveland,,Cleveland Clinic Foundation/Fairview Hospital Program,1403821340,Participating,http://www.fairviewhospital.org/
426,OH,Cleveland,,St Vincent Charity Medical Center Program,1403811338,Not Participating,
427,OH,Cleveland,,The MetroHealth System/Case Western Reserve University Preliminary Program,1403811336,Participating,https://gme.metrohealth.org/internal-medicine/welcome
428,OH,Cleveland,,The MetroHealth System/Case Western Reserve University Program,1403811336,Participating,https://gme.metrohealth.org/internal-medicine
429,OH,Columbus,,Ohio State University Hospital Program,1403811342,Participating,https://wexnermedical.osu.edu/departments/internal-medicine/education/residency
430,OH,Columbus,,"OhioHealth/Doctors Hospital Program
 Osteopathic Recognized!",1403800534,Participating,https://www.ohiohealth.com/medical-education/residencies/internal-medicine-doctors-hospital/
431,OH,Columbus,,OhioHealth/Riverside Methodist Hospital Program,1403812343,Participating,http://www.ohiohealth.com/riversideinternalmedicineresidency
432,OH,Cuyahoga Falls,,Western Reserve Hospital Program,1403800536,Participating,https://www.westernreservehospital.org/education/internal-medicine.aspx
433,OH,Dayton,,"Kettering Health Network/Grandview Medical Center Program
 Osteopathic Recognized!",1403800538,Participating,https://www.ketteringhealth.org/grandviewmeded/residency/internal-medicine.cfm
434,OH,Dayton,,Wright State University Program,1403821345,Participating,http://www.med.wright.edu/im
435,OH,East Liverpool,,East Liverpool City Hospital Program,1403800543,Participating,
436,OH,Grove City,,Mount Carmel Health System Program,1403812341,Participating,http://gme.mchs.com/
437,OH,Kettering,,Kettering Health Network/Kettering Medical Center Program,1403821347,Participating,http://www.ketteringhealth.org/ketteringmeded/
438,OH,Lancaster,,"Fairfield Medical Center Program
					
					 Osteopathic Recognized!",1403800535,Participating,
439,OH,Lima,,Mercy Health-St Rita's Medical Center Program,1403800544,Participating,https://www.mercy.com/residency
440,OH,Parma,,University Hospitals Osteopathic Consortium (UHOC/Parma) Program,1403800542,Participating,https://www.uhhospitals.org/medical-education/uh-osteopathic-consortium/parma-gme
441,OH,Steubenville,,Trinity Health System Program,1403800545,Participating,https://www.commonspirit.org
442,OH,Toledo,,Mercy St Vincent Medical Center/Mercy Health Partners Program,1403812533,Participating,http://www.mercymedicalresidency.org/
443,OH,Toledo,,University of Toledo Program,1403821348,Participating,http://www.utoledo.edu/med/depts/medicine/residency/index.html
444,OH,Warren,,Western Reserve Health Education/NEOMED Program,1403831350,Participating,https://www.trumbullregional.org/page/internal-medicine-residency
445,OH,Warrensville Hts.,,"Cleveland Clinic Foundation/South Pointe Hospital Program
 Osteopathic Recognized!",1403800537,Participating,http://spgme.southpointehospital.org/Programs/Internal-Medicine
446,OH,Westlake,,University Hospitals Osteopathic Consortium (UHOC/Westlake) Program,1403800540,Participating,https://www.uhhospitals.org/medical-education/uh-osteopathic-consortium/stjohn-gme/graduate-medical-education/internal-medicine
447,OH,Youngstown,,St Elizabeth Youngstown Hospital/NEOMED Program,1403811349,Participating,https://www.mercy.com/about-us/careers/graduate-medical-education
448,OK,Oklahoma City,,University of Oklahoma Health Sciences Center Program,1403921351,Participating,http://w3.ouhsc.edu/imrp
449,OK,Tahlequah,,"Osteopathic Medical Education Consortium of Oklahoma, Inc. (OMECO) Program",1403900355,Participating,
450,OK,Tulsa,,"Oklahoma State University Center for Health Sciences Program
 Osteopathic Recognized!",1403900353,Participating,https://health.okstate.edu/academics/internal-medicine/residency/index.html
451,OK,Tulsa,,University of Oklahoma School of Community Medicine (Tulsa) Program,1403921352,Participating,http://www.ou.edu/content/tulsa/residency/internal_medicine.html
452,OR,Corvallis,,Samaritan Health Services - Corvallis Program,1404000358,Participating,https://www.samhealth.org/careers-education/graduate-medical-education/our-programs/internal-medicine-resident-program
453,OR,Hillsboro,,Oregon Health & Science University Hospital/Hillsboro Medical Center Program,1404000359,Participating,https://tuality.org/education/graduate-medical-education/internal-medicine-residency/internal-medicine-residency-program/
454,OR,Portland,,Legacy Health/Emanuel Medical Center Program,1404011353,Participating,http://www.legacyhealth.org/im
455,OR,Portland,,Oregon Health & Science University Program,1404031357,Participating,http://www.ohsu.edu/medicine/residency/
456,OR,Portland,,Providence Health & Services - Oregon/Providence Medical Center Program,1404031355,Participating,http://www.providence.org/gme-ppmc
457,OR,Portland,,Providence Health & Services - Oregon/St Vincent Hospital and Medical Center Program,1404031356,Participating,http://www.providence.org/stvincentedu
458,PA,Abington,,Abington Memorial Hospital Program,1404112358,Participating,http://www.abingtonhealth.org/academic-programs/resident-training-programs/internal-medicine/
459,PA,Allentown,,Lehigh Valley Health Network/University of South Florida College of Medicine Program,1404121359,Participating,https://www.lvhn.org/education/residency-and-fellowship-opportunities
460,PA,Bethlehem,,"St Luke's University Hospital Program
 Osteopathic Recognized!",1404131360,Participating,http://www.slhn.org
461,PA,Bristol,,Suburban Community Hospital (Lower Bucks Hospital) Program,1404100909,Participating,https://www.lowerbuckshosp.com/Education/Lower-Bucks-Residency-Program.aspx
462,PA,Danville,,"Geisinger Health System (Danville) Program
 Osteopathic Recognized!",1404111362,Participating,https://www.geisinger.edu/education/residencies-fellowships/residencies/internal-medicine-residency
463,PA,Darby,,"Mercy Catholic Medical Center Program
 Osteopathic Recognized!",1404111375,Participating,https://www.trinityhealthma.org/healthcare-professionals/gme/mcmc/
464,PA,East Norriton,,Albert Einstein Healthcare Network/Einstein Medical Center Montgomery Program,1404100913,Participating,https://www.einstein.edu
465,PA,East Norriton,,"Suburban Community Hospital Program
 Osteopathic Recognized!",1404100904,Participating,http://www.suburbanhosp.org
466,PA,Easton,,St Luke's University Hospital/Easton Hospital Program,1404111363,Not Participating,
467,PA,Easton,,"St Luke’s Hospital – Anderson Campus Program
 Osteopathic Recognized!",1404100910,Participating,https://www.slhn.org/gme/residencies/internal-medicine-residency-anderson
468,PA,Erie,,Lake Erie College of Osteopathic Medicine Program,1404100908,Participating,
469,PA,Harrisburg,,"UPMC Medical Education (Harrisburg) Program
 Osteopathic Recognized!",1404111365,Participating,https://www.upmc.com/campaigns/southcentral-pa/careers/gme/residencies
470,PA,Hershey,,Penn State Milton S Hershey Medical Center Program,1404111366,Participating,https://residency.med.psu.edu/programs/internal-medicine-residency/
471,PA,Johnstown,,Conemaugh Memorial Medical Center Program,1404131367,Participating,http://gme.conemaugh.org
472,PA,Langhorne,,St. Mary Medical Center Program,1404100907,Participating,https://www.stmaryhealthcare.org/smmc-gme
473,PA,Lititz,,"UPMC Medical Education/Lititz Program
 Osteopathic Recognized!",1404100901,Participating,https://www.upmc.com/locations/hospitals/lititz/careers-training/gme
474,PA,McKeesport,,UPMC Medical Education (McKeesport Hospital) Program,1404121368,Participating,http://www.upmc.com/mckeesportimr
475,PA,Phenixville,,Tower Health/Phoenixville Hospital Program,1404100001,Not Participating,
476,PA,Phila,,"Philadelphia College of Osteopathic Medicine Program
 Osteopathic Recognized!",1404100902,Participating,https://www.pcom.edu/
477,PA,Philadelphia,,Albert Einstein Healthcare Network Preliminary Program,1404111369,Participating,http://www.einstein.edu/education/preliminary-medicine/
478,PA,Philadelphia,,Albert Einstein Healthcare Network Program,1404111369,Participating,http://www.einstein.edu/education/internal-medicine/
479,PA,Philadelphia,,Jefferson Health Northeast Program,1404100906,Participating,https://jeffneinternal.com/
480,PA,Philadelphia,,"Nazareth Hospital Program
 Osteopathic Recognized!",1404100903,Participating,http://www.mercyhealth.org/healthcare-professionals/gme/nazareth-residency/internal-medicine/
481,PA,Philadelphia,,Pennsylvania Hospital of the University of Pennsylvania Health System Program,1404111376,Participating,https://www.pennmedicine.org/for-health-care-professionals/fellowship-and-residency-programs/pennsylvania-hospital-programs/resi
482,PA,Philadelphia,,Sidney Kimmel Medical College at Thomas Jefferson University/TJUH Program,1404121379,Participating,https://www.jefferson.edu/university/skmc/departments/medicine/residency.html
483,PA,Philadelphia,,Temple University Hospital Program,1404121378,Participating,https://medicine.temple.edu/departments-centers/clinical-departments/department-medicine/internal-medicine-residency-program
484,PA,Philadelphia,,University of Pennsylvania Health System Program,1404121380,Participating,http://www.uphs.upenn.edu/internal-medicine-residency/
485,PA,Pittsburgh,,"Allegheny Health Network Medical Education Consortium (AGH) Program
 Osteopathic Recognized!",1404111381,Participating,https://www.ahn.org/education/graduate-medical-education/residencies/internal-medicine-residency-program
486,PA,Pittsburgh,,UPMC Medical Education (Mercy) Program,1404111385,Participating,http://www.upmc.com/mercyim
487,PA,Pittsburgh,,UPMC Medical Education Program,1404121504,Participating,http://residency.dom.pitt.edu/Acorner/application_process.html
488,PA,Sayre,,Robert Packer Hospital/Guthrie Program,1404112389,Participating,http://www.guthrieIMresidency.org
489,PA,Scranton,,Wright Center for Graduate Medical Education Program A,1404121390,Participating,http://www.thewrightcenter.org
490,PA,Upland,,Crozer-Chester Medical Center Program,1404131514,Participating,https://www.crozerkeystone.org/academics/residency-fellowship/internal-medicine-residency-program/
491,PA,West Reading,,"Tower Health Program
 Osteopathic Recognized!",1404121388,Participating,https://towerhealth.org
492,PA,Wilkes Barre,,Geisinger Health System (Wilkes-Barre) Program,1404100912,Participating,https://www.geisinger.edu/education/residencies-fellowships/residencies/internal-medicine-residency-northeast
493,PA,Wynnewood,,Main Line Health System/Lankenau Medical Center Program,1404111373,Participating,https://www.mainlinehealth.org/residency-programs/internal-medicine
494,PA,York,,Wellspan Health/York Hospital Program,1404111392,Participating,http://www.wellspanmedicaleducation.org/
495,PR,Bayamon,,Universidad Central del Caribe Program,1404212452,Participating,http://www.uccaribe.edu/
496,PR,Mayaguez,,Ramon Betances Hospital-Mayaguez Medical Center/Ponce School of Medicine Consortium Program,1404231525,Participating,http://www.mayaguezmedical.com
497,PR,Ponce,,Damas Hospital Program,1404211453,Participating,
498,PR,Ponce,,Hospital Episcopal San Lucas/Ponce School of Medicine Program,1404211395,Not Participating,
499,PR,Rio Piedras,,San Juan City Hospital Program,1404211396,Participating,
500,PR,San German,,Hospital de la Concepcion Program,1404221488,Not Participating,
501,PR,San Juan,,University of Puerto Rico Program,1404221397,Participating,http://www.rcm.upr.edu
502,PR,San Juan,,VA Caribbean Healthcare System Program,1404231398,Participating,https://www.caribbean.va.gov/edprograms/index.asp
503,RI,Providence,,Brown University Program,1404311400,Participating,http://www.brownim.org
504,RI,Providence,,Roger Williams Medical Center Program,1404331401,Participating,http://www.rwmc.org
505,RI,Warwick,,Kent Hospital/Brown University Program,1404300474,Participating,https://imkentresidency.med.brown.edu
506,SC,Charleston,,Medical University of South Carolina Program,1404521403,Participating,http://clinicaldepartments.musc.edu/medicine/education/residency/index.htm
507,SC,Columbia,,Prisma Health/University of South Carolina SOM Columbia (Columbia) Program,1404521404,Participating,https://residency.palmettohealth.org/residencies/internal-medicine/program-overview
508,SC,Greenville,,Prisma Health/University of South Carolina SOM Greenville (Greenville) Program,1404511405,Participating,https://schealthsciencescenter.org/internal-medicine-residency-greenville
509,SC,Myrtle Beach,,HCA Healthcare Grand Strand Regional Medical Center Program,1404500406,Participating,https://mygrandstrandhealth.com/physicians/graduate-medical-education/internal-medicine/
510,SC,North Charleston,,HCA Healthcare/Mercer University School of Medicine/Trident Medical Center Program,1404500407,Participating,https://tridenthealthsystem.com/gme/im
511,SD,Sioux Falls,,University of South Dakota Program,1404621406,Participating,https://usdgme.org/
512,TN,Chattanooga,,University of Tennessee College of Medicine at Chattanooga Program,1404711407,Participating,https://uthsc.edu/comc/internal-medicine/index.php
513,TN,Johnson City,,East Tennessee State University/Quillen College of Medicine Program,1404721408,Participating,https://www.etsu.edu/com/intmed/default.php
514,TN,Knoxville,,University of Tennessee Medical Center at Knoxville Program,1404711409,Participating,http://gsm.utmck.edu/medicine
515,TN,Memphis,,University of Tennessee Program,1404721412,Participating,http://www.uthsc.edu/internal
516,TN,Nashville,,HCA Healthcare/TriStar Nashville Program,1404700479,Participating,https://tristarhealth.com/locations/tristar-centennial/graduate-medical-education/internal-medicine/
517,TN,Nashville,,Meharry Medical College Program,1404711413,Participating,http://www.mmc.edu
518,TN,Nashville,,University of Tennessee (Nashville) Program,1404721478,Participating,http://www.imnashville.uthsc.edu
519,TN,Nashville,,Vanderbilt University Medical Center Program,1404731414,Participating,http://medicine.vumc.org
520,TX,Amarillo,,Texas Tech University (Amarillo) Program,1404821477,Participating,https://www.ttuhsc.edu/medicine/amarillo/internal/default.aspx
521,TX,Arlington,,"HCA Medical City Healthcare UNT-TCU Graduate Medical Education Program
 Osteopathic Recognized!",1404800907,Participating,https://medicalcityhealthcare.com/locations/medical-city-arlington/for-professionals/graduate-medical-education/internal-medicin
522,TX,Austin,,University of Texas at Austin Dell Medical School Program,1404812415,Participating,https://dellmed.utexas.edu/education/academics/graduate-medical-education/internal-medicine-residency
523,TX,Beaumont,,Baptist Hospitals of Southeast Texas Program,1404800001,Participating,
524,TX,Corpus Christi,,HCA Healthcare Corpus Christi Medical Center - Bay Area Program,1404800892,Participating,http://ccmedicalcenter.com/medical-education-residency/
525,TX,Dallas,,Baylor University Medical Center Program,1404831416,Participating,https://www.bswhealth.med/education/Pages/gme/dallas/internal-medicine-residency.aspx#/tab_g_295665c0_7f28_45c2_a76b_63a1486f120
526,TX,Dallas,,Methodist Health System Dallas Program,1404812417,Participating,http://www.methodisthealthsystem.org/
527,TX,Dallas,,Texas Health Resources Program,1404811420,Participating,https://www.texashealth.org/gme/Internal-Medicine
528,TX,Dallas,,University of Texas Southwestern Medical Center Program,1404821419,Participating,http://www.utsouthwestern.edu/education/medical-school/departments/internal-medicine/education-training/residency/index.html
529,TX,Edinburg,,University of Texas RGV (DHR) Program,1404800891,Participating,http://www.utrgv.edu/im-dhr
530,TX,El Paso,,HCA Healthcare Las Palmas Del Sol Program,1404800900,Participating,https://laspalmasdelsolhealthcare.com/careers/graduate-medical-education/
531,TX,El Paso,,Texas Tech University HSC El Paso Program,1404811424,Participating,https://elpaso.ttuhsc.edu/som/internal/Residency-Program/default.aspx
532,TX,El Paso,,Texas Tech University HSC El Paso/Hospitals of Providence Transmountain Campus Program,1404800905,Participating,https://elpaso.ttuhsc.edu/transmountain/departments/internal-medicine/residency/default.aspx
533,TX,El Paso,,William Beaumont Army Medical Center Program,1404812008,Participating,http://www.wbamc.amedd.army.mil/GME/
534,TX,Fort Worth,,Baylor All Saints Medical Center Fort Worth Program,1404800908,Participating,https://www.bswhealth.med/education/Pages/gme/fort-worth.aspx
535,TX,Fort Worth,,HCA Medical City Fort Worth Program,1404800894,Participating,http://www.medicalcityfortworth.com
536,TX,Galveston,,University of Texas Medical Branch Hospitals Program,1404821421,Participating,https://www.utmb.edu/internalmedicine/residency-program/residency-home
537,TX,Harlingen,,University of Texas RGV (VBMC) Program,1404821524,Participating,http://www.utrgv.edu/gme/training-programs/utrgv-internal-medicine-valley-baptist-medical-center/index.htm
538,TX,Houston,,Baylor College of Medicine Program,1404821422,Participating,https://www.bcm.edu/departments/medicine/education/internal-medicine
539,TX,Houston,,Methodist Hospital (Houston) Program,1404813534,Participating,http://www.houstonmethodist.org/imr
540,TX,Houston,,University of Texas Health Science Center at Houston Program,1404831423,Participating,https://med.uth.edu/internalmedicine/education/residency/
541,TX,Kingwood,,HCA Houston Healthcare (Kingwood)/University of Houston Program,1404800902,Participating,https://hcahoustonhealthcare.com/locations/kingwood/graduate-medical-education/internal-medicine/
542,TX,Laredo,,Texas Institute for Graduate Medical Education and Research (TIGMER) Laredo Program,1404800898,Participating,http://www.tigmer.org
543,TX,Longview,,University of Texas Health Science Center at Tyler/Good Shepherd Medical Center (Longview) Program,1404800890,Participating,https://www.christushealth.org/good-shepherd/healthcare-professionals/residency-program/residency-program
544,TX,Lubbock,,Texas Tech University Health Sciences Center at Lubbock Program,1404821459,Participating,https://www.ttuhsc.edu/medicine/internal/residency-program/default.aspx
545,TX,Odessa,,Texas Tech University (Permian Basin) Program,1404821519,Participating,http://www.ttuhsc.edu/odessa/som/im/applicantinfo.aspx
546,TX,Round Rock,,Texas A&M College of Medicine-Scott and White Medical Center (Round Rock) Program,1404800895,Participating,https://www.bswhealth.med/education/Pages/gme/austin.aspx
547,TX,San Antonio,,Texas Institute for Graduate Medical Education and Research (TIGMER) Program,1404800904,Participating,https://www.tigmer.com/san-antonio-internal-medicine
548,TX,San Antonio,,University of Texas Health Science Center San Antonio Joe and Teresa Lozano Long School of Medicine Program,1404821425,Participating,https://lsom.uthscsa.edu/medicine/education/internal-medicine-residency/
549,TX,Temple,,Texas A&M College of Medicine-Scott and White Medical Center (Temple) Program,1404821426,Participating,http://www.sw.org
550,TX,Tyler,,University of Texas Health Science Center at Tyler Program,1404800903,Participating,https://www.uthct.edu/internal-medicine-tyler
551,TX,Weatherford,,HCA Medical City Weatherford Program,1404800896,Participating,https://medicalcityweatherford.com/careers/residency-program/
552,TX,Weslaco,,University of Texas RGV (Knapp) Program,1404800906,Participating,
553,UT,Salt Lake City,,University of Utah Health Program,1404921427,Participating,http://medicine.utah.edu/internalmedicine/residency/
554,VA,Abingdon,,Johnston Memorial Hospital Program,1405100898,Participating,https://www.balladhealth.org/residencies/internal-medicine-abingdon-jmh
555,VA,Blacksburg,,HCA Healthcare LewisGale Hospital-Montgomery/VCOM Program,1405100900,Participating,https://www.lghm-gme.com/
556,VA,Charlottesville,,University of Virginia Medical Center Program,1405121430,Participating,https://med.virginia.edu/internal-medicine-residency/
557,VA,Danville,,Sovah Health-Danville Program,1405100899,Participating,http://www.SovahResidency.com
558,VA,Falls Church,,Inova Fairfax Medical Campus Program,1405100435,Participating,http://www.inova.org/internal-medicine-residency-program
559,VA,Norfolk,,Eastern Virginia Medical School Program,1405121432,Participating,https://www.evms.edu/internal_medicine/residencies/internal_medicine_residency/
560,VA,Norton,,Norton Community Hospital Program,1405100437,Participating,
561,VA,Richmond,,Virginia Commonwealth University Health System Program,1405121433,Participating,http://www.intmed.vcu.edu/residency/index.html
562,VA,Roanoke,,Carilion Clinic-Virginia Tech Carilion School of Medicine Program,1405131431,Participating,https://www.carilionclinic.org/internal-medicine-residency
563,VA,Salem,,HCA Healthcare LewisGale Medical Center Program,1405100436,Participating,https://lewisgale.com/locations/lewisgale-medical-center/graduate-medical-education/internal-medicine-residency.dot
564,VT,Burlington,,University of Vermont Medical Center Program,1405021429,Participating,https://www.uvmhealth.org/gme
565,WA,Everett,,"Elson S Floyd College of Medicine, Washington State University Program",1405400442,Participating,https://medicine.wsu.edu/gme/im-everett/
566,WA,Kennewick,,Trios Health Program,1405400440,Not Participating,
567,WA,Mount Vernon,,Skagit Regional Health Program,1405400439,Participating,https://www.skagitregionalhealth.org/medical-education/residency-programs/internal-medicine/
568,WA,Seattle,,University of Washington Program,1405421434,Participating,http://depts.washington.edu/medweb
569,WA,Seattle,,Virginia Mason Medical Center Program,1405412435,Participating,https://www.virginiamason.org/internal-medicine-residency
570,WA,Spokane,,Spokane Teaching Health Center Program,1405431436,Not Participating,
571,WA,Vancouver,,Legacy Health/Salmon Creek Medical Center Program,1405400441,Participating,
572,WI,La Crosse,,Gundersen Lutheran Medical Foundation Program,1405612442,Participating,http://www.gundersenhealth.org/medical-education/residency-programs/internal-medicine/
573,WI,Madison,,University of Wisconsin Hospitals and Clinics Program,1405621443,Participating,http://www.medicine.wisc.edu
574,WI,Marshfield,,Marshfield Clinic Program,1405631444,Participating,https://www.marshfieldclinic.org/education/residents-and-fellows
575,WI,Milwaukee,,Aurora Health Care Program,1405621446,Participating,https://medicalprofessionals.aurorahealthcare.org/meded/programs/residencies/internal-medicine/welcome.aspx
576,WI,Milwaukee,,Medical College of Wisconsin Affiliated Hospitals Program,1405631445,Participating,http://www.mcw.edu/Medicine/Residency.htm
577,WV,Charleston,,Charleston Area Medical Center/West Virginia University (Charleston Division) Program,1405511438,Participating,http://camc.wvu.edu/internal/index.htm
578,WV,Huntington,,Marshall University School of Medicine Program,1405521439,Participating,http://www.musom.marshall.edu
579,WV,Morgantown,,West Virginia University Program,1405511440,Participating,https://medicine.hsc.wvu.edu/medicine/residents/
580,WV,Parkersburg,,West Virginia University School of Medicine/Camden-Clark Program,1405500443,Participating,http://wvumedicine.org/camden-clark/careeremployee/residents/
