,Specialty,Program,Link suffix,City,State
0,Family Medicine,Cahaba Medical Care/University of Alabama Medical Center Program,/Program/GetById/577,Centreville,AL
1,Family Medicine,McLaren Health Care/St. Luke's Program,/Program/GetById/1035,Perrysburg,OH
2,Family Medicine,University Hospitals Osteopathic Consortium (UHOC/Richmond Heights) Program,/Program/GetById/1036,Richmond Heights,OH
3,Family Medicine,Fairfield Medical Center Program,/Program/GetById/1037,Lancaster,OH
4,Family Medicine,Memorial Health System Program,/Program/GetById/1038,Marietta,OH
5,Family Medicine,East Liverpool City Hospital Program,/Program/GetById/1039,East Liverpool,OH
6,Family Medicine,Mercy Health-St Rita's Medical Center Program,/Program/GetById/1040,Lima,OH
7,Family Medicine,Aultman Hospital/NEOMED Program,/Program/GetById/1041,Canton,OH
8,Family Medicine,Case Western Reserve University/University Hospitals Cleveland Medical Center Program,/Program/GetById/1042,Cleveland,OH
9,Family Medicine,The MetroHealth System/Case Western Reserve University Program,/Program/GetById/1043,Cleveland,OH
10,Family Medicine,Cleveland Clinic Foundation Program,/Program/GetById/1044,Lakewood,OH
11,Family Medicine,St Elizabeth Youngstown Hospital/NEOMED Program,/Program/GetById/1045,Youngstown,OH
12,Family Medicine,Western Reserve Health Education/NEOMED Program,/Program/GetById/1046,Warren,OH
13,Family Medicine,University of Toledo Program,/Program/GetById/1047,Toledo,OH
14,Family Medicine,Summa Health System/NEOMED Program,/Program/GetById/1048,Akron,OH
15,Family Medicine,Christ Hospital/University of Cincinnati College of Medicine Program,/Program/GetById/1049,Cincinnati,OH
16,Family Medicine,Ohio State University Hospital Program,/Program/GetById/1050,Columbus,OH
17,Family Medicine,OhioHealth/Riverside Methodist Hospital Program,/Program/GetById/1051,Columbus,OH
18,Family Medicine,University Hospitals Osteopathic Consortium (UHOC/Westlake) Program,/Program/GetById/1034,Westlake,OH
19,Family Medicine,OhioHealth/O'Bleness Hospital Program,/Program/GetById/1033,Athens,OH
20,Family Medicine,OhioHealth/Dublin Methodist Hospital Program,/Program/GetById/1032,Dublin,OH
21,Family Medicine,Kettering Health Network/Indu and Raj Soin Medical Center Program,/Program/GetById/1031,Beavercreek,OH
22,Family Medicine,Atrium Health Cabarrus Program,/Program/GetById/1013,Concord,NC
23,Family Medicine,New Hanover Regional Medical Center Program,/Program/GetById/1014,Wilmington,NC
24,Family Medicine,University of North Carolina Hospitals Program,/Program/GetById/1015,Chapel Hill,NC
25,Family Medicine,Southern Regional Area Health Education Center/Duke University Hospital Program,/Program/GetById/1016,Fayetteville,NC
26,Family Medicine,Wake Forest University School of Medicine Program,/Program/GetById/1017,Winston-Salem,NC
27,Family Medicine,University of North Dakota School of Medicine and Health Sciences (Hettinger) Program,/Program/GetById/1018,Bismark,ND
28,Family Medicine,Univ of North Dakota School of Medicine and Health Sciences Rural Program,/Program/GetById/1019,Minot,ND
29,Family Medicine,Univ of North Dakota School of Medicine and Health Sciences Program,/Program/GetById/1020,Fargo,ND
30,Family Medicine,Summa Health System/Barberton Campus Program,/Program/GetById/1052,Barberton,OH
31,Family Medicine,University of North Dakota (Bismarck) Program,/Program/GetById/1021,Bismarck,ND
32,Family Medicine,University of North Dakota (Minot) Program,/Program/GetById/1023,Minot,ND
33,Family Medicine,St Elizabeth Boardman Hospital Program,/Program/GetById/1024,Boardman,OH
34,Family Medicine,Kettering Health Network/Grandview Medical Center Program,/Program/GetById/1025,Dayton,OH
35,Family Medicine,OhioHealth/Doctors Hospital Program,/Program/GetById/1026,Grove City,OH
36,Family Medicine,Marshall Community Health Consortium Program,/Program/GetById/1027,Gallipolis,OH
37,Family Medicine,Adena Regional Medical Center Program,/Program/GetById/1028,Chillicothe,OH
38,Family Medicine,Western Reserve Hospital Program,/Program/GetById/1029,Cuyahoga Falls,OH
39,Family Medicine,Firelands Regional Medical Center Program,/Program/GetById/1030,Sandusky,OH
40,Family Medicine,Altru Health System (Grand Forks) Program,/Program/GetById/1022,Grand Forks,ND
41,Family Medicine,TriHealth (Bethesda North Hospital) Program,/Program/GetById/1053,Cincinnati,OH
42,Family Medicine,Akron General Medical Center/NEOMED Program,/Program/GetById/1054,Akron,OH
43,Family Medicine,OhioHealth/Grant Medical Center Program,/Program/GetById/1055,Columbus,OH
44,Family Medicine,Providence Health & Services - Oregon/Milwaukie Hospital Program,/Program/GetById/1078,Milwaukie,OR
45,Family Medicine,Penn State Milton S Hershey Medical Center/State College Program,/Program/GetById/1079,State College,PA
46,Family Medicine,UPMC Pinnacle Hospitals/Lititz Campus Program,/Program/GetById/1080,Lititz,PA
47,Family Medicine,Main Line Health System/Lankenau Medical Center Program,/Program/GetById/1081,Bala Cynwyd,PA
48,Family Medicine,Wellspan Health/Good Samaritan Hospital Program,/Program/GetById/1082,Lebanon,PA
49,Family Medicine,Penn State Milton S Hershey Medical Center/St Joseph Program,/Program/GetById/1083,Reading,PA
50,Family Medicine,Wright Center for Graduate Medical Education (Scranton) Program,/Program/GetById/1084,Scranton,PA
51,Family Medicine,Suburban Community Hospital Program,/Program/GetById/1085,Norristown,PA
52,Family Medicine,Oregon Health & Science University (Cascades East) Program,/Program/GetById/1077,Klamath Falls,OR
53,Family Medicine,UPMC Pinnacle Hospitals Program,/Program/GetById/1086,Harrisburg,PA
54,Family Medicine,Jefferson Health Northeast Program,/Program/GetById/1088,Langhorne,PA
55,Family Medicine,Suburban Community Hospital (Lower Bucks Hospital) Program,/Program/GetById/1089,Bristol,PA
56,Family Medicine,UPMC Medical Education Program,/Program/GetById/1090,Farrell,PA
57,Family Medicine,Lake Erie College of Osteopathic Medicine Program,/Program/GetById/1091,Erie,PA
58,Family Medicine,Meadville Medical Center Program,/Program/GetById/1092,Meadville,PA
59,Family Medicine,Clarion Hospital Program,/Program/GetById/1093,Clarion,PA
60,Family Medicine,Geisinger Health System (Lewistown) Program,/Program/GetById/1094,Lewistown,PA
61,Family Medicine,St Luke's University Hospital Rural Program,/Program/GetById/1095,Coaldale,PA
62,Family Medicine,Mountain State Osteopathic Postdoctoral Training Institutions (MSOPTI)/CornerStone Care Teaching Health Center Program,/Program/GetById/1087,Mount Morris,PA
63,Family Medicine,Mountain Area Health Education Center Rural Program,/Program/GetById/1012,Hendersonville,NC
64,Family Medicine,Oregon Health & Science University Program,/Program/GetById/1076,Portland,OR
65,Family Medicine,OPTI West (Roseburg) Program,/Program/GetById/1074,Roseburg,OR
66,Family Medicine,Wright State University/Dayton Community Hospitals Program,/Program/GetById/1056,Dayton,OH
67,Family Medicine,Mercy St Vincent Medical Center/Mercy Health Partners Program,/Program/GetById/1057,Toledo,OH
68,Family Medicine,Mount Carmel Health System Program,/Program/GetById/1058,Grove City,OH
69,Family Medicine,Oklahoma State University Center for Health Sciences (Tulsa) Program,/Program/GetById/1059,Tulsa,OK
70,Family Medicine,Osteopathic Medical Education Consortium of Oklahoma (OMECO/Tulsa) Program,/Program/GetById/1060,Tulsa,OK
71,Family Medicine,Osteopathic Medical Education Consortium of Oklahoma (OMECO/Talihina) Program,/Program/GetById/1061,Talihina,OK
72,Family Medicine,Oklahoma State University Center for Health Sciences (Lawton) Program,/Program/GetById/1062,Lawton,OK
73,Family Medicine,Oklahoma State University Center for Health Sciences (McAlester) Program,/Program/GetById/1063,McAlester,OK
74,Family Medicine,Oregon Health & Science University Hospital/Hillsboro Medical Center Program,/Program/GetById/1075,Hillsboro,OR
75,Family Medicine,Osteopathic Medical Education Consortium of Oklahoma (OMECO/Chickasaw Nation Medical Center) Program,/Program/GetById/1064,Ada,OK
76,Family Medicine,Oklahoma State University Center for Health Sciences/Cherokee Nation Program,/Program/GetById/1066,Tahlequah,OK
77,Family Medicine,University of Oklahoma Health Sciences Center Program,/Program/GetById/1067,Oklahoma City,OK
78,Family Medicine,University of Oklahoma School of Community Medicine (Tulsa) Program,/Program/GetById/1068,Tulsa,OK
79,Family Medicine,In His Image at St John Medical Center Program,/Program/GetById/1069,Tulsa,OK
80,Family Medicine,St Anthony Hospital Program,/Program/GetById/1070,Oklahoma City,OK
81,Family Medicine,Integris Health/Great Plains Program,/Program/GetById/1071,Oklahoma City,OK
82,Family Medicine,Providence Health & Services – Oregon/Hood River Rural Program,/Program/GetById/1072,Hood River,OR
83,Family Medicine,Samaritan Health Services - Corvallis Program,/Program/GetById/1073,Corvallis,OR
84,Family Medicine,Oklahoma State University Center for Health Sciences (Durant) Program,/Program/GetById/1065,Durant,OK
85,Family Medicine,Albert Einstein Healthcare Network/Einstein Medical Center Montgomery Program,/Program/GetById/1096,Norristown,PA
86,Family Medicine,Duke University Hospital Program,/Program/GetById/1011,Durham,NC
87,Family Medicine,Naval Medical Center Camp Lejeune Program,/Program/GetById/1009,Camp Lejeune,NC
88,Family Medicine,Atlantic Health (Overlook) Program,/Program/GetById/948,Summit,NJ
89,Family Medicine,Virtua Program,/Program/GetById/949,Voorhees,NJ
90,Family Medicine,Rutgers Health/Robert Wood Johnson Medical School at CentraState Program,/Program/GetById/950,Freehold,NJ
91,Family Medicine,Rutgers Health/Robert Wood Johnson Medical School Program,/Program/GetById/951,New Brunswick,NJ
92,Family Medicine,St Luke's University Hospital/Warren Hospital Program,/Program/GetById/952,Phillipsburg,NJ
93,Family Medicine,Inspira Health Network Program,/Program/GetById/953,Sewell,NJ
94,Family Medicine,Hidalgo Medical Services Program,/Program/GetById/954,Silver City,NM
95,Family Medicine,Memorial Medical Center Program,/Program/GetById/955,Alamogordo,NM
96,Family Medicine,Rehoboth McKinley Christian Health Care Services Program,/Program/GetById/956,Gallup,NM
97,Family Medicine,University of New Mexico School of Medicine Program,/Program/GetById/957,Albuquerque,NM
98,Family Medicine,Memorial Medical Center (Las Cruces) Program,/Program/GetById/958,Las Cruces,NM
99,Family Medicine,University of New Mexico School of Medicine (Santa Fe) Rural Program,/Program/GetById/959,Santa Fe,NM
100,Family Medicine,Institute for Family Health (Harlem) Program,/Program/GetById/960,New York,NY
101,Family Medicine,University of Vermont Health Network-Champlain Valley Physicians Hospital Program,/Program/GetById/961,Plattsburgh,NY
102,Family Medicine,Zucker School of Medicine at Hofstra/Northwell at Plainview Hospital Program,/Program/GetById/962,Plainview,NY
103,Family Medicine,Rochester General Hospital Program,/Program/GetById/963,Batavia,NY
104,Family Medicine,Good Samaritan Hospital Medical Center Program,/Program/GetById/964,West Islip,NY
105,Family Medicine,Rutgers Health/Robert Wood Johnson University Hospital Somerset Program,/Program/GetById/947,Somerville,NJ
106,Family Medicine,Hackensack University Medical Center (Mountainside) Program,/Program/GetById/946,Verona,NJ
107,Family Medicine,Hoboken University Medical Center/New York Medical College Program,/Program/GetById/945,Hoboken,NJ
108,Family Medicine,Hunterdon Medical Center Program,/Program/GetById/944,Flemington,NJ
109,Family Medicine,OPTI West/Valley Hospital (Las Vegas) Program,/Program/GetById/926,Las Vegas,NV
110,Family Medicine,HCA Healthcare Sunrise Health Graduate Medical Education Program,/Program/GetById/927,Las Vegas,NV
111,Family Medicine,Valley Health System Program,/Program/GetById/928,Las Vegas,NV
112,Family Medicine,MIke O'Callaghan Military Medical Center/Nellis Air Force Base Program,/Program/GetById/929,Nellis AFB,NV
113,Family Medicine,University of Nevada Las Vegas (UNLV) School of Medicine Program,/Program/GetById/930,Las Vegas,NV
114,Family Medicine,University of Nevada Reno School of Medicine Program,/Program/GetById/931,Reno,NV
115,Family Medicine,HCA Healthcare/Tufts University School of Medicine: Portsmouth Regional Hospital Program,/Program/GetById/932,Portsmouth,NH
116,Family Medicine,Concord Hospital/New Hampshire-Dartmouth Family Medicine Program,/Program/GetById/933,Concord,NH
117,Family Medicine,Arnot Ogden Medical Center Program,/Program/GetById/965,Elmira,NY
118,Family Medicine,Inspira Health Network/Inspira Medical Center Vineland Program,/Program/GetById/934,Vineland,NJ
119,Family Medicine,Hackensack University Medical Center (Palisades) Program,/Program/GetById/936,North Bergen,NJ
120,Family Medicine,Ocean Medical Center Program,/Program/GetById/937,Brick,NJ
121,Family Medicine,Atlantic Health/Morristown Medical Center Program,/Program/GetById/938,Morristown,NJ
122,Family Medicine,Hoboken University Medical Center Program,/Program/GetById/939,Jersey City,NJ
123,Family Medicine,AtlantiCare Regional Medical Center Program,/Program/GetById/940,Atlantic City,NJ
124,Family Medicine,Capital Health Regional Medical Center Program,/Program/GetById/941,Pennington,NJ
125,Family Medicine,Inspira Health Network/Inspira Medical Center - Mullica Hill Program,/Program/GetById/942,Mullica Hill,NJ
126,Family Medicine,JFK Medical Center Program,/Program/GetById/943,Edison,NJ
127,Family Medicine,RowanSOM/Jefferson Health/Virtua Our Lady of Lourdes Hospital Program,/Program/GetById/935,Stratford,NJ
128,Family Medicine,Garnet Health Medical Center Program,/Program/GetById/966,Middletown,NY
129,Family Medicine,St John's Episcopal Hospital-South Shore Program,/Program/GetById/967,Far Rockaway,NY
130,Family Medicine,Samaritan Medical Center Program,/Program/GetById/968,Watertown,NY
131,Family Medicine,BronxCare Health System Program,/Program/GetById/991,Bronx,NY
132,Family Medicine,University at Buffalo Program,/Program/GetById/992,Buffalo,NY
133,Family Medicine,University at Buffalo Rural Program,/Program/GetById/993,Buffalo,NY
134,Family Medicine,Brooklyn Hospital Center Program,/Program/GetById/994,Brooklyn,NY
135,Family Medicine,New York Presbyterian Hospital (Columbia Campus) Program,/Program/GetById/995,New York,NY
136,Family Medicine,Zucker School of Medicine at Hofstra/Northwell at Phelps Hospital Program,/Program/GetById/996,Sleepy Hollow,NY
137,Family Medicine,St Joseph's University Medical Center Program,/Program/GetById/997,Clifton,NJ
138,Family Medicine,Icahn School of Medicine at Mount Sinai (Mount Sinai Hospital) Program,/Program/GetById/998,New York,NY
139,Family Medicine,Stony Brook Medicine/Southampton Hospital Program,/Program/GetById/990,Southampton,NY
140,Family Medicine,Novant Health Program,/Program/GetById/999,Cornelius,NC
141,Family Medicine,Campbell University/Harnett Health Program,/Program/GetById/1001,Lillington,NC
142,Family Medicine,Campbell University/Sampson Regional Medical Center Program,/Program/GetById/1002,Clinton,NC
143,Family Medicine,Mountain Area Health Education Center (Boone) Program,/Program/GetById/1003,Boone,NC
144,Family Medicine,Vidant Medical Center Program,/Program/GetById/1004,Greenville,NC
145,Family Medicine,Mountain Area Health Education Center (Asheville) Program,/Program/GetById/1005,Asheville,NC
146,Family Medicine,Carolinas Medical Center Program,/Program/GetById/1006,Charlotte,NC
147,Family Medicine,Cone Health Program,/Program/GetById/1007,Greensboro,NC
148,Family Medicine,Vidant Medical Center/East Carolina University Program,/Program/GetById/1008,Greenville,NC
149,Family Medicine,Campbell University Program,/Program/GetById/1000,Lumberton,NC
150,Family Medicine,Womack Army Medical Center Program,/Program/GetById/1010,Fort Bragg,NC
151,Family Medicine,St Joseph's Health/SUNY Health Science Center at Syracuse Program,/Program/GetById/989,Syracuse,NY
152,Family Medicine,SUNY Downstate Health Sciences University Program,/Program/GetById/987,Brooklyn,NY
153,Family Medicine,University at Buffalo/Sisters of Charity Hospital Program,/Program/GetById/969,Buffalo,NY
154,Family Medicine,NYCOMEC/Nassau University Program,/Program/GetById/970,East Meadow,NY
155,Family Medicine,Zucker School of Medicine at Hofstra/Northwell at Peconic Bay Medical Center Program,/Program/GetById/971,Riverhead,NY
156,Family Medicine,Niagara Falls Memorial Medical Center Program,/Program/GetById/972,Niagara Falls,NY
157,Family Medicine,Our Lady Of Lourdes Memorial Hospital Inc. Program,/Program/GetById/973,Binghamton,NY
158,Family Medicine,SUNY Upstate Medical University Program,/Program/GetById/974,Syracuse,NY
159,Family Medicine,Nuvance Health Program,/Program/GetById/975,Rhinebeck,NY
160,Family Medicine,Zucker School of Medicine at Hofstra/Northwell at Glen Cove Hospital Program,/Program/GetById/976,Glen Cove,NY
161,Family Medicine,University of Rochester/Highland Hospital of Rochester Program,/Program/GetById/988,Rochester,NY
162,Family Medicine,United Health Services Hospitals Program,/Program/GetById/977,Johnson City,NY
163,Family Medicine,NYU Grossman School of Medicine/Brooklyn Campus Program,/Program/GetById/979,Brooklyn,NY
164,Family Medicine,Icahn School of Medicine at Mount Sinai (South Nassau) Program,/Program/GetById/980,Oceanside,NY
165,Family Medicine,St Elizabeth Medical Center Program,/Program/GetById/981,Utica,NY
166,Family Medicine,New York Medical College at St Joseph's Medical Center Program,/Program/GetById/982,Yonkers,NY
167,Family Medicine,Ellis Hospital of Schenectady Program,/Program/GetById/983,Schenectady,NY
168,Family Medicine,Albany Medical Center Program,/Program/GetById/984,Albany,NY
169,Family Medicine,Institute for Family Health (Mid-Hudson) Program,/Program/GetById/985,Kingston,NY
170,Family Medicine,Montefiore Medical Center/Albert Einstein College of Medicine Program,/Program/GetById/986,Bronx,NY
171,Family Medicine,Jamaica Hospital Medical Center/Albert Einstein College of Medicine Program,/Program/GetById/978,Jamaica,NY
172,Family Medicine,University of Nevada Las Vegas (UNLV) School of Medicine Rural Program,/Program/GetById/925,Las Vegas,NV
173,Family Medicine,Penn Highlands DuBois Program,/Program/GetById/1097,DuBois,PA
174,Family Medicine,Tower Health/Drexel University College of Medicine Program,/Program/GetById/1099,Philadelphia,PA
175,Family Medicine,HCA Healthcare LewisGale Medical Center Program,/Program/GetById/1209,Roanoke,VA
176,Family Medicine,University of Virginia Medical Center Program,/Program/GetById/1210,Charlottesville,VA
177,Family Medicine,Inova Fairfax Medical Campus Program,/Program/GetById/1211,Fairfax,VA
178,Family Medicine,Carilion Clinic-Virginia Tech Carilion School of Medicine Program,/Program/GetById/1212,Roanoke,VA
179,Family Medicine,National Capital Consortium (Fort Belvoir Community Hospital) Program,/Program/GetById/1213,Fort Belvoir,VA
180,Family Medicine,Centra Health Program,/Program/GetById/1214,Lynchburg,VA
181,Family Medicine,Eastern Virginia Medical School Program,/Program/GetById/1215,Norfolk,VA
182,Family Medicine,Valley Health System/Medical College of Virginia/Virginia Commonwealth University Program,/Program/GetById/1216,Front Royal,VA
183,Family Medicine,VCU/Riverside Regional Medical Center Program,/Program/GetById/1217,Newport News,VA
184,Family Medicine,Virginia Commonwealth University-Bon Secours (St Francis) Program,/Program/GetById/1218,Midlothian,VA
185,Family Medicine,MultiCare Health System (East Pierce) Program,/Program/GetById/1219,Puyallup,WA
186,Family Medicine,Kadlec Regional Medical Center Program,/Program/GetById/1220,Richland,WA
187,Family Medicine,Community Health Care Program,/Program/GetById/1221,Tacoma,WA
188,Family Medicine,St Peter Hospital (Chehalis) Program,/Program/GetById/1222,Chehalis,WA
189,Family Medicine,Sea Mar Community Health Centers Program,/Program/GetById/1223,Marysville,WA
190,Family Medicine,Swedish Medical Center Rural Program,/Program/GetById/1224,Port Angeles,WA
191,Family Medicine,Skagit Regional Health Program,/Program/GetById/1225,Mt. Vernon,WA
192,Family Medicine,HCA Healthcare LewisGale Hospital-Montgomery/VCOM Program,/Program/GetById/1208,Blacksburg,VA
193,Family Medicine,Wellmont Health System - Lonesome Pine Hospital Program,/Program/GetById/1207,Big Stone Gap,VA
194,Family Medicine,Johnston Memorial Hospital Program,/Program/GetById/1206,Abingdon,VA
195,Family Medicine,Sovah Health-Danville Program,/Program/GetById/1205,Danville,VA
196,Family Medicine,University of Texas Health Science Center at Tyler Program,/Program/GetById/1187,Tyler,TX
197,Family Medicine,Texas A&M College of Medicine-Scott and White Medical Center (Temple) Program,/Program/GetById/1188,Temple,TX
198,Family Medicine,University of Texas Health Science Center at Houston Program,/Program/GetById/1189,Houston,TX
199,Family Medicine,Texas Tech University (Amarillo) Program,/Program/GetById/1190,Amarillo,TX
200,Family Medicine,Methodist Hospital (Houston) Program,/Program/GetById/1191,Houston,TX
201,Family Medicine,Baylor University Medical Center Program,/Program/GetById/1192,Dallas,TX
202,Family Medicine,Valley Baptist Medical Center Program,/Program/GetById/1193,Harlingen,TX
203,Family Medicine,CHRISTUS Health/Santa Rosa Program,/Program/GetById/1194,San Antonio,TX
204,Family Medicine,Harrison Medical Center Program,/Program/GetById/1226,Bremerton,WA
205,Family Medicine,Darnall Army Medical Center Program,/Program/GetById/1195,Fort Hood,TX
206,Family Medicine,John Peter Smith Hospital (Tarrant County Hospital District) Program,/Program/GetById/1197,Fort Worth,TX
207,Family Medicine,Texas A&M Health Science Center College of Medicine Program,/Program/GetById/1198,Bryan,TX
208,Family Medicine,University of Utah Health Program,/Program/GetById/1199,Salt Lake City,UT
209,Family Medicine,McKay-Dee Hospital Center Program,/Program/GetById/1200,Ogden,UT
210,Family Medicine,Utah HealthCare Institute/St Mark's Program,/Program/GetById/1201,Salt Lake City,UT
211,Family Medicine,Utah Valley  Hospital Program,/Program/GetById/1202,Provo,UT
212,Family Medicine,University of Vermont Medical Center Program,/Program/GetById/1203,Milton,VT
213,Family Medicine,Bon Secours Richmond Health System (Blackstone Rural) Program,/Program/GetById/1204,Blackstone,VA
214,Family Medicine,CHRISTUS Health/Texas A&M College of Medicine/Spohn Hospital Program,/Program/GetById/1196,Corpus Christi,TX
215,Family Medicine,Trios Health Program,/Program/GetById/1227,Kennewick,WA
216,Family Medicine,University of Washington School of Medicine Rural Program,/Program/GetById/1228,Chelan,WA
217,Family Medicine,Yakima Valley Farm Workers Clinic/Sollus Northwest Program,/Program/GetById/1229,Grandview,WA
218,Family Medicine,Gundersen Lutheran Medical Foundation Program,/Program/GetById/1252,La Crosse,WI
219,Family Medicine,Mayo Clinic College of Medicine and Science (Eau Claire) Program,/Program/GetById/1253,Eau Claire,WI
220,Family Medicine,Aurora Health Care (Elkhorn) Program,/Program/GetById/1254,Elkhorn,WI
221,Family Medicine,Medical College of Wisconsin Affiliated Hospitals (Froedtert Menomonee Falls Hospital) Program,/Program/GetById/1255,Menomonee Falls,WI
222,Family Medicine,University of Illinois College of Medicine at Rockford/Monroe Clinic-Rural Program,/Program/GetById/1256,Monroe,WI
223,Family Medicine,Still OPTI/MCW-Prevea Program,/Program/GetById/1257,Green Bay,WI
224,Family Medicine,Mayo Clinic College of Medicine and Science (La Crosse) Program,/Program/GetById/1258,La Crosse,WI
225,Family Medicine,University of Wisconsin (Madison) Program,/Program/GetById/1259,Madison,WI
226,Family Medicine,Wheeling Hospital Program,/Program/GetById/1251,Wheeling,WV
227,Family Medicine,ProHealth Waukesha Memorial Hospital Program,/Program/GetById/1260,Waukesha,WI
228,Family Medicine,University of Wisconsin (Wausau) Program,/Program/GetById/1262,Wausau,WI
229,Family Medicine,Mercy Health System Program,/Program/GetById/1263,Janesville,WI
230,Family Medicine,University of Wisconsin (Baraboo) Rural Program,/Program/GetById/1264,Baraboo,WI
231,Family Medicine,Medical College of Wisconsin Affiliated Hospitals (Columbia-St Mary's) Program,/Program/GetById/1265,Milwaukee,WI
232,Family Medicine,WiNC (Wisconsin Northern & Central) GME Consortium (Eau Claire) Program,/Program/GetById/1266,Eau Claire,WI
233,Family Medicine,Medical College of Wisconsin Affiliated Hospitals (Wheaton Franciscan Healthcare-All Saints) Program,/Program/GetById/1267,Milwaukee,WI
234,Family Medicine,Medical College of Wisconsin Affiliated Hospitals (Fox Valley) Program,/Program/GetById/1268,Appleton,WI
235,Family Medicine,University of Wyoming College of Health Sciences Program,/Program/GetById/1269,Casper,WY
236,Family Medicine,Aurora Health Care (Milwaukee) Program,/Program/GetById/1261,Milwaukee,WI
237,Family Medicine,Texas Tech University (Permian Basin) Program,/Program/GetById/1186,Odessa,TX
238,Family Medicine,United Hospital Center Program,/Program/GetById/1250,Bridgeport,WV
239,Family Medicine,Marshall University School of Medicine Program,/Program/GetById/1248,Huntington,WV
240,Family Medicine,Puyallup Tribal Health Authority Program,/Program/GetById/1230,Tacoma,WA
241,Family Medicine,St Peter Hospital (Elma) Program,/Program/GetById/1231,Elma,WA
242,Family Medicine,Madigan Army Medical Center Program,/Program/GetById/1232,Tacoma,WA
243,Family Medicine,Kaiser Permanente Washington Program,/Program/GetById/1233,Seattle,WA
244,Family Medicine,Swedish Medical Center/Cherry Hill Program,/Program/GetById/1234,Seattle,WA
245,Family Medicine,Spokane Teaching Health Center/Sacred Heart Medical Center Program,/Program/GetById/1235,Spokane,WA
246,Family Medicine,Valley Medical Center Program,/Program/GetById/1236,Renton,WA
247,Family Medicine,St Peter Hospital (Olympia) Program,/Program/GetById/1237,Olympia,WA
248,Family Medicine,West Virginia University Rural Program,/Program/GetById/1249,Harpers Ferry,WV
249,Family Medicine,Community Health of Central Washington Program,/Program/GetById/1238,Yakima,WA
250,Family Medicine,Spokane Teaching Health Center Rural Program,/Program/GetById/1240,Colville,WA
251,Family Medicine,Swedish Medical Center/First Hill Program,/Program/GetById/1241,Seattle,WA
252,Family Medicine,University of Washington Program,/Program/GetById/1242,Seattle,WA
253,Family Medicine,MultiCare Health System (Tacoma) Program,/Program/GetById/1243,Tacoma,WA
254,Family Medicine,Mountain State Osteopathic Postdoctoral Training Institutions (MSOPTI)/Greenbrier Valley Medical Center Program,/Program/GetById/1244,Ronceverte,WV
255,Family Medicine,Mountain State Osteopathic Postdoctoral Training Institutions (MSOPTI)/Access Health Teaching Health Center Program,/Program/GetById/1245,Beckley,WV
256,Family Medicine,West Virginia University Program,/Program/GetById/1246,Morgantown,WV
257,Family Medicine,Charleston Area Medical Center/West Virginia University (Charleston Division) Program,/Program/GetById/1247,Charleston,WV
258,Family Medicine,PeaceHealth Southwest Medical Center Program,/Program/GetById/1239,Vancouver,WA
259,Family Medicine,St Luke’s Hospital-Anderson Campus Program,/Program/GetById/1098,Easton,PA
260,Family Medicine,Conroe Medical Education Foundation Program,/Program/GetById/1185,Conroe,TX
261,Family Medicine,University of Texas Southwestern Medical Center Program,/Program/GetById/1183,Dallas,TX
262,Family Medicine,St Luke's University Hospital Program,/Program/GetById/1122,Bethlehem,PA
263,Family Medicine,University of Pennsylvania Health System Program,/Program/GetById/1123,Philadelphia,PA
264,Family Medicine,Allegheny Health Network Medical Education Consortium (FH) Program,/Program/GetById/1124,Monroeville,PA
265,Family Medicine,Main Line Health System/Bryn Mawr Hospital Program,/Program/GetById/1125,Bryn Mawr,PA
266,Family Medicine,Tower Health/Chestnut Hill Hospital Program,/Program/GetById/1126,Philadelphia,PA
267,Family Medicine,UPMC Medical Education/Williamsport Hospital Program,/Program/GetById/1127,Williamsport,PA
268,Family Medicine,Hamilton Medical Center Program,/Program/GetById/1128,Dalton,GA
269,Family Medicine,Dr Ramon E Betances Hospital-Mayaguez Medical Center Program,/Program/GetById/1129,Mayaguez,PR
270,Family Medicine,University of Puerto Rico Program,/Program/GetById/1130,Loiza,PR
271,Family Medicine,Hospital Dr Alejandro Otero Lopez Program,/Program/GetById/1131,Manati,PR
272,Family Medicine,Bella Vista Hospital Program,/Program/GetById/1132,Mayaguez,PR
273,Family Medicine,Kent Hospital/Brown University Program,/Program/GetById/1133,Pawtucket,RI
274,Family Medicine,HCA Healthcare Grand Strand Regional Medical Center Program,/Program/GetById/1134,Myrtle Beach,SC
275,Family Medicine,Tidelands Health Program,/Program/GetById/1135,Myrtle Beach,SC
276,Family Medicine,Prisma Health/University of South Carolina SOM Columbia (Sumter) Program,/Program/GetById/1136,Sumter,SC
277,Family Medicine,Prisma Health/University of South Carolina SOM Greenville (Greer) Program,/Program/GetById/1137,Greer,SC
278,Family Medicine,Prisma Health/University of South Carolina SOM Greenville (Seneca) Program,/Program/GetById/1138,Seneca,SC
279,Family Medicine,Lehigh Valley Health Network/University of South Florida College of Medicine Program,/Program/GetById/1121,Allentown,PA
280,Family Medicine,Robert Packer Hospital/Guthrie Program,/Program/GetById/1120,Sayre,PA
281,Family Medicine,Penn State Milton S Hershey Medical Center/Hershey Program,/Program/GetById/1119,Hershey,PA
282,Family Medicine,Crozer-Chester Medical Center Program,/Program/GetById/1118,Springfield,PA
283,Family Medicine,Temple University Hospital Program,/Program/GetById/1100,Philadelphia,PA
284,Family Medicine,Abington Memorial Hospital Program,/Program/GetById/1101,Jenkintown,PA
285,Family Medicine,UPMC Medical Education (Altoona Hospital) Program,/Program/GetById/1102,Altoona,PA
286,Family Medicine,Allegheny Health Network Medical Education Consortium (SVH) Program,/Program/GetById/1103,Erie,PA
287,Family Medicine,Conemaugh Memorial Medical Center Program,/Program/GetById/1104,Johnstown,PA
288,Family Medicine,Latrobe Area Hospital Program,/Program/GetById/1105,Latrobe,PA
289,Family Medicine,Wellspan Health/York Hospital Program,/Program/GetById/1106,York,PA
290,Family Medicine,Lancaster General Hospital Program,/Program/GetById/1107,Lancaster,PA
291,Family Medicine,Campbell University (Conway) Program,/Program/GetById/1139,Conway,SC
292,Family Medicine,UPMC Medical Education (McKeesport Hospital) Program,/Program/GetById/1108,McKeesport,PA
293,Family Medicine,UPMC Medical Education (Presbyterian Shadyside Hospital) Program,/Program/GetById/1110,Pittsburgh,PA
294,Family Medicine,Tower Health/Reading Hospital Program,/Program/GetById/1111,West Reading,PA
295,Family Medicine,Washington Health System  Program,/Program/GetById/1112,Washington,PA
296,Family Medicine,Geisinger Health System Program,/Program/GetById/1113,Wilkes Barre,PA
297,Family Medicine,St Luke's University Hospital/Sacred Heart Program,/Program/GetById/1114,Allentown,PA
298,Family Medicine,Sidney Kimmel Medical College at Thomas Jefferson University/TJUH Program,/Program/GetById/1115,Philadelphia,PA
299,Family Medicine,Wright Center for Graduate Medical Education (Kingston) Program,/Program/GetById/1116,Kingston,PA
300,Family Medicine,Heritage Valley Health System Program,/Program/GetById/1117,Beaver Falls,PA
301,Family Medicine,UPMC Medical Education (St Margaret Hospital) Program,/Program/GetById/1109,Pittsburgh,PA
302,Family Medicine,McLeod Regional Medical Center (Rural) Program,/Program/GetById/1140,Florence,SC
303,Family Medicine,Medical University of South Carolina College of Medicine Program,/Program/GetById/1141,Charleston,SC
304,Family Medicine,AnMed Health (Anderson) Program,/Program/GetById/1142,Anderson,SC
305,Family Medicine,University of Texas Health Science Center at Tyler Rural Program,/Program/GetById/1165,Pittsburg,TX
306,Family Medicine,University of Texas Rio Grande Valley (Knapp) Program,/Program/GetById/1166,Mercedes,TX
307,Family Medicine,Texas A&M College of Medicine-Scott and White Medical Center (Round Rock) Program,/Program/GetById/1167,Round Rock,TX
308,Family Medicine,Texoma Medical Center Program,/Program/GetById/1168,Denison,TX
309,Family Medicine,Texas Institute for Graduate Medical Education and Research (TIGMER) Program,/Program/GetById/1169,San Antonio,TX
310,Family Medicine,Texas Institute for Graduate Medical Education and Research (TIGMER)/Laredo Medical Center Program,/Program/GetById/1170,Laredo,TX
311,Family Medicine,HCA Houston Healthcare (West)/University of Houston Program,/Program/GetById/1171,Houston,TX
312,Family Medicine,HCA Medical City Arlington Program,/Program/GetById/1172,Arlington,TX
313,Family Medicine,DeTar Healthcare System Program,/Program/GetById/1164,Victoria,TX
314,Family Medicine,University of Texas Health Science Center at Tyler (Athens) Program,/Program/GetById/1173,Athens,TX
315,Family Medicine,Baylor College of Medicine Program,/Program/GetById/1175,Houston,TX
316,Family Medicine,Texas Tech University HSC El Paso Program,/Program/GetById/1176,El Paso,TX
317,Family Medicine,University of Texas RGV (MMC) Program,/Program/GetById/1177,McAllen,TX
318,Family Medicine,McLennan County Medical Education and Research Foundation Program,/Program/GetById/1178,Waco,TX
319,Family Medicine,University of Texas Medical Branch Hospitals Program,/Program/GetById/1179,Galveston,TX
320,Family Medicine,Memorial Hermann Health System Program,/Program/GetById/1180,Sugar Land,TX
321,Family Medicine,Texas Tech University Health Sciences Center at Lubbock Program,/Program/GetById/1181,Lubbock,TX
322,Family Medicine,University of Texas Health Science Center San Antonio Joe and Teresa Lozano Long School of Medicine Program,/Program/GetById/1182,San Antonio,TX
323,Family Medicine,University of Texas at Austin Dell Medical School Program,/Program/GetById/1174,Austin,TX
324,Family Medicine,Methodist Health System Dallas Program,/Program/GetById/1184,Dallas,TX
325,Family Medicine,University of Texas RGV (DHR) Program,/Program/GetById/1163,McAllen,TX
326,Family Medicine,University of Tennessee College of Medicine at Chattanooga Program,/Program/GetById/1161,Chattanooga,TN
327,Family Medicine,Prisma Health/University of South Carolina SOM Columbia (Columbia) Program,/Program/GetById/1143,Columbia,SC
328,Family Medicine,Prisma Health/University of South Carolina SOM Greenville (Greenville) Program,/Program/GetById/1144,Greenville,SC
329,Family Medicine,Spartanburg Regional Healthcare System Program,/Program/GetById/1145,Spartanburg,SC
330,Family Medicine,McLeod Regional Medical Center Program,/Program/GetById/1146,Florence,SC
331,Family Medicine,Self Regional Healthcare/Greenwood Program,/Program/GetById/1147,Greenwood,SC
332,Family Medicine,Center for Family Medicine (Pierre) Program,/Program/GetById/1148,Sioux Falls,SD
333,Family Medicine,Center for Family Medicine (Sioux Falls) Program,/Program/GetById/1149,Sioux Falls,SD
334,Family Medicine,Rapid City Hospital Program,/Program/GetById/1150,Rapid City,SD
335,Family Medicine,HCA Medical City Fort Worth Program,/Program/GetById/1162,Fort Worth,TX
336,Family Medicine,University of Tennessee College of Medicine at Murfreesboro Program,/Program/GetById/1151,Murfreesboro,TN
337,Family Medicine,HCA Healthcare/TriStar Southern Hills Medical Center Program,/Program/GetById/1153,Nashville,TN
338,Family Medicine,University of Tennessee Medical Center at Knoxville Program,/Program/GetById/1154,Knoxville,TN
339,Family Medicine,University of Tennessee (Jackson) Program,/Program/GetById/1155,Jackson,TN
340,Family Medicine,East Tennessee State University/Quillen College of Medicine Program,/Program/GetById/1156,Johnson City,TN
341,Family Medicine,University of Tennessee/Saint Francis Program,/Program/GetById/1157,Memphis,TN
342,Family Medicine,Meharry Medical College Program,/Program/GetById/1158,Nashville,TN
343,Family Medicine,East Tennessee State University/Quillen College of Medicine (Bristol) Program,/Program/GetById/1159,Bristol,TN
344,Family Medicine,East Tennessee State University/Quillen College of Medicine (Kingsport) Program,/Program/GetById/1160,Kingsport,TN
345,Family Medicine,Baptist Memorial Medical Education Program,/Program/GetById/1152,Memphis,TN
346,Family Medicine,University of Wyoming (Casper) Program,/Program/GetById/1270,Casper,WY
347,Family Medicine,Creighton University School of Medicine (Omaha) Program,/Program/GetById/924,Omaha,NE
348,Family Medicine,University of Nebraska Medical Center College of Medicine Rural Program,/Program/GetById/922,Omaha,NE
349,Family Medicine,University of Colorado (HealthONE Swedish Medical Center) Program,/Program/GetById/687,Littleton,CO
350,Family Medicine,University of Colorado (University Hospital) Program,/Program/GetById/688,Denver,CO
351,Family Medicine,Poudre Valley Hospital/Fort Collins Family Medicine Program,/Program/GetById/689,Fort Collins,CO
352,Family Medicine,St Mary's Hospital and Medical Center Program,/Program/GetById/690,Grand Junction,CO
353,Family Medicine,North Colorado Medical Center Wray Rural Program,/Program/GetById/691,Greeley,CO
354,Family Medicine,Eastern Connecticut Health Network Program,/Program/GetById/692,Manchester,CT
355,Family Medicine,Stamford Hospital/Columbia University College of Physicians and Surgeons Program,/Program/GetById/693,Stamford,CT
356,Family Medicine,University of Connecticut Program,/Program/GetById/694,Hartford,CT
357,Family Medicine,Middlesex Hospital Program,/Program/GetById/695,Middletown,CT
358,Family Medicine,Bayhealth Medical Center Program,/Program/GetById/696,Dover,DE
359,Family Medicine,Christiana Care Health Services Program,/Program/GetById/697,Wilmington,DE
360,Family Medicine,St Francis Hospital Program,/Program/GetById/698,Wilmington,DE
361,Family Medicine,MedStar Health/Georgetown-Washington Hospital Center Program,/Program/GetById/699,Colmar Manor,MD
362,Family Medicine,Howard University Program,/Program/GetById/700,Washington,DC
363,Family Medicine,West Kendall Baptist Hospital / Florida International University Program,/Program/GetById/701,Miami,FL
364,Family Medicine,Florida State University College of Medicine/Lee Memorial Health System Program,/Program/GetById/702,Ft Myers,FL
365,Family Medicine,HCA Healthcare/Mercer University School of Medicine/Orange Park Medical Center Program,/Program/GetById/703,Orange Park,FL
366,Family Medicine,St Mary-Corwin Medical Center/Southern Colorado Family Medicine Program,/Program/GetById/686,Pueblo,CO
367,Family Medicine,Saint Joseph Hospital Program,/Program/GetById/685,Denver,CO
368,Family Medicine,St Anthony Hospital Program,/Program/GetById/684,Westminster,CO
369,Family Medicine,North Colorado Medical Center Program,/Program/GetById/683,Greeley,CO
370,Family Medicine,Mercy Medical Center (Merced) Program,/Program/GetById/665,Merced,CA
371,Family Medicine,Los Angeles County-Harbor-UCLA Medical Center Program,/Program/GetById/666,Harbor City,CA
372,Family Medicine,Adventist Health White Memorial Program,/Program/GetById/667,Los Angeles,CA
373,Family Medicine,Kaiser Permanente Southern California (Riverside) Program,/Program/GetById/668,Riverside,CA
374,Family Medicine,Kaiser Permanente Southern California (Woodland Hills) Program,/Program/GetById/669,Woodland Hills,CA
375,Family Medicine,Dignity Health Methodist Hospital of Sacramento Program,/Program/GetById/670,Sacramento,CA
376,Family Medicine,Pomona Valley Hospital Medical Center Program,/Program/GetById/671,Pomona,CA
377,Family Medicine,Scripps Mercy Hospital Program,/Program/GetById/672,Chula Vista,CA
378,Family Medicine,University of Central Florida/HCA Healthcare GME (Gainesville) Program,/Program/GetById/704,Gainesville,FL
379,Family Medicine,Contra Costa Regional Medical Center Program,/Program/GetById/673,Martinez,CA
380,Family Medicine,San Joaquin General Hospital Program,/Program/GetById/675,French Camp,CA
381,Family Medicine,Kaiser Permanente Southern California (Anaheim) Program,/Program/GetById/676,Santa Ana,CA
382,Family Medicine,Sutter Health Program,/Program/GetById/677,Sacramento,CA
383,Family Medicine,North Colorado Medical Center Sterling Rural Program,/Program/GetById/678,Greeley,CO
384,Family Medicine,St Mary-Corwin Medical Center Program,/Program/GetById/679,Pueblo,CO
385,Family Medicine,University of Colorado (Rural Training Track) Program,/Program/GetById/680,Denver,CO
386,Family Medicine,HCA HealthONE Program,/Program/GetById/681,Aurora,CO
387,Family Medicine,Still OPTI/Peak Vista Program,/Program/GetById/682,Colorado Springs,CO
388,Family Medicine,Mercy Medical Center (Redding) Program,/Program/GetById/674,Redding,CA
389,Family Medicine,Broward Health Program,/Program/GetById/705,Ft. Lauderdale,FL
390,Family Medicine,Lakeside Medical Center Program,/Program/GetById/706,Belle Glade,FL
391,Family Medicine,AdventHealth Florida (East Orlando) Program,/Program/GetById/707,Orlando,FL
392,Family Medicine,Mayo Clinic College of Medicine and Science (Jacksonville) Program,/Program/GetById/730,Jacksonville,FL
393,Family Medicine,University of South Florida Morsani (Morton Plant Mease Health Care) Program,/Program/GetById/731,Clearwater,FL
394,Family Medicine,South Georgia Medical Education and Research Consortium Program,/Program/GetById/732,Moultrie,GA
395,Family Medicine,Northside Hospital - Gwinnett Program,/Program/GetById/733,Lawrenceville,GA
396,Family Medicine,Houston Healthcare System Program,/Program/GetById/734,Warner Robins,GA
397,Family Medicine,WellStar Kennestone Regional Medical Center Program,/Program/GetById/735,Smyrna,GA
398,Family Medicine,Northeast Georgia Medical Center Program,/Program/GetById/736,Gainesville,GA
399,Family Medicine,Martin Army Community Hospital Program,/Program/GetById/737,Fort Benning,GA
400,Family Medicine,University of Miami/Jackson Health System Program,/Program/GetById/729,Miami,FL
401,Family Medicine,The Medical Center (Columbus) Program,/Program/GetById/738,Columbus,GA
402,Family Medicine,The Medical Center Navicent Health/Mercer University School of Medicine Program,/Program/GetById/740,Macon,GA
403,Family Medicine,Dwight David Eisenhower Army Medical Center Program,/Program/GetById/741,Fort Gordon,GA
404,Family Medicine,Medical College of Georgia Program,/Program/GetById/742,Augusta,GA
405,Family Medicine,Morehouse School of Medicine Program,/Program/GetById/743,Atlanta,GA
406,Family Medicine,Phoebe Putney Memorial Hospital (Phoebe) Program,/Program/GetById/744,Albany,GA
407,Family Medicine,WellStar Atlanta Medical Center Program,/Program/GetById/745,Morrow,GA
408,Family Medicine,Emory University School of Medicine Program,/Program/GetById/746,Dunwoody,GA
409,Family Medicine,Medical College of Georgia/Satilla MCG Rural Program,/Program/GetById/747,Augusta,GA
410,Family Medicine,HCA Healthcare/Mercer University School of Medicine/Memorial Health University Medical Center Program,/Program/GetById/739,Savannah,GA
411,Family Medicine,California Hospital Medical Center (Dignity Health) Program,/Program/GetById/664,Los Angeles,CA
412,Family Medicine,University of Florida Program,/Program/GetById/728,Gainesville,FL
413,Family Medicine,US Air Force Regional Hospital Program,/Program/GetById/726,Eglin AFB,FL
414,Family Medicine,Manatee Memorial Hospital Program,/Program/GetById/708,Bradenton,FL
415,Family Medicine,HCA Healthcare/USF Morsani College of Medicine GME: St. Petersburg General Hospital Program,/Program/GetById/709,St Petersburg,FL
416,Family Medicine,HCA Healthcare/USF Morsani College of Medicine GME: Oak Hill Hospital Program,/Program/GetById/710,Brooksville,FL
417,Family Medicine,University of Central Florida/HCA Healthcare GME (Ocala) Program,/Program/GetById/711,Ocala,FL
418,Family Medicine,"Community Health of South Florida, Inc. (CHI) Program",/Program/GetById/712,Miami,FL
419,Family Medicine,Palmetto General Hospital Program,/Program/GetById/713,Hialeah,FL
420,Family Medicine,"Borinquen Health Care Center, Inc Program",/Program/GetById/714,Miami,FL
421,Family Medicine,Larkin Community Hospital Program,/Program/GetById/715,South Miami,FL
422,Family Medicine,Naval Hospital (Jacksonville) Program,/Program/GetById/727,Jacksonville,FL
423,Family Medicine,"Westchester General Hospital, Inc. Program",/Program/GetById/716,Miami,FL
424,Family Medicine,Larkin Community Hospital Palm Springs Campus Program,/Program/GetById/718,Hialeah,FL
425,Family Medicine,AdventHealth Florida (Sebring) Program,/Program/GetById/719,Sebring,FL
426,Family Medicine,Florida State University College of Medicine Program,/Program/GetById/720,Winter Haven,FL
427,Family Medicine,Halifax Medical Center Program,/Program/GetById/721,Daytona Beach,FL
428,Family Medicine,St Vincent's Medical Center Program,/Program/GetById/722,Jacksonville,FL
429,Family Medicine,Tallahassee Memorial Healthcare Family Medicine Program,/Program/GetById/723,Tallahassee,FL
430,Family Medicine,AdventHealth Florida (Winter Park) Program,/Program/GetById/724,Winter Park,FL
431,Family Medicine,Bayfront Health St Petersburg Program,/Program/GetById/725,St. Petersburg,FL
432,Family Medicine,HCA Healthcare: East Florida Division GME: St. Lucie Medical Center Program,/Program/GetById/717,St. Lucie,FL
433,Family Medicine,Floyd Medical Center Program,/Program/GetById/748,Rome,GA
434,Family Medicine,Riverside University Health System/University of California Riverside Program,/Program/GetById/663,Moreno Valley,CA
435,Family Medicine,PIH Health Hospital - Whittier Program,/Program/GetById/661,Whittier,CA
436,Family Medicine,Baptist Health - UAMS Program,/Program/GetById/600,North Little Rock,AR
437,Family Medicine,Conway Regional Health System Program,/Program/GetById/601,Conway,AR
438,Family Medicine,University of Arkansas for Medical Sciences Regional Centers (South Central) Program,/Program/GetById/602,Pine Bluff,AR
439,Family Medicine,University of Arkansas for Medical Sciences Regional Centers (Northwest) Program,/Program/GetById/603,Fayetteville,AR
440,Family Medicine,University of Arkansas for Medical Sciences Regional Centers (West) Program,/Program/GetById/604,Fort Smith,AR
441,Family Medicine,University of Arkansas for Medical Sciences (UAMS) College of Medicine Program,/Program/GetById/605,Little Rock,AR
442,Family Medicine,University of Arkansas for Medical Sciences Regional Centers (Northeast) Program,/Program/GetById/606,Jonesboro,AR
443,Family Medicine,University of Arkansas for Medical Sciences Regional Centers (Southwest) Program,/Program/GetById/607,Texarkana,AR
444,Family Medicine,Adventist Health Tulare Program,/Program/GetById/608,Tulare,CA
445,Family Medicine,Kaweah Delta Health Care District (KDHCD) Program,/Program/GetById/609,Visalia,CA
446,Family Medicine,Kaiser Permanente Northern California (Napa-Solano) Program,/Program/GetById/610,Vallejo,CA
447,Family Medicine,Shasta Community Health Center Program,/Program/GetById/611,Redding,CA
448,Family Medicine,Loma Linda University Health Education Consortium Program,/Program/GetById/612,Redlands,CA
449,Family Medicine,Marian Regional Medical Center Program,/Program/GetById/613,Santa Maria,CA
450,Family Medicine,Family Health Centers of San Diego Program,/Program/GetById/614,San Diego,CA
451,Family Medicine,University of California Riverside School of Medicine/St. Bernardine Medical Center – Dignity Health Program,/Program/GetById/615,San Bernardino,CA
452,Family Medicine,Clinica Sierra Vista - Bakersfield Program,/Program/GetById/616,Bakersfield,CA
453,Family Medicine,University of Arkansas for Medical Sciences Regional Centers (North Central) Program,/Program/GetById/599,Batesville,AR
454,Family Medicine,Unity Health-White County Medical Center Program,/Program/GetById/598,Searcy,AR
455,Family Medicine,University of Arkansas for Medical Sciences Regional Centers (Magnolia) Rural Program,/Program/GetById/597,Magnolia,AR
456,Family Medicine,HonorHealth Program,/Program/GetById/596,Scottsdale,AZ
457,Family Medicine,Foley Hospital Corporation/South Baldwin Regional Medical Center Program,/Program/GetById/578,Foley,AL
458,Family Medicine,University of Alabama Medical Center (Huntsville) Program,/Program/GetById/579,Huntsville,AL
459,Family Medicine,USA Health Program,/Program/GetById/580,Mobile,AL
460,Family Medicine,University of Alabama Medical Center (Selma Dallas County) Program,/Program/GetById/581,Selma,AL
461,Family Medicine,University of Alabama-Tuscaloosa Program,/Program/GetById/582,Tuscaloosa,AL
462,Family Medicine,Baptist Outreach Services (Montgomery) Program,/Program/GetById/583,Montgomery,AL
463,Family Medicine,St Vincent's East Program,/Program/GetById/584,Birmingham,AL
464,Family Medicine,Providence Hospital/Alaska Family Medicine Program,/Program/GetById/585,Anchorage,AK
465,Family Medicine,John Muir Health Program,/Program/GetById/617,Walnut Creek,CA
466,Family Medicine,Yuma Regional Medical Center Program,/Program/GetById/586,Yuma,AZ
467,Family Medicine,Midwestern University GME Consortium / Mountain Vista Program,/Program/GetById/588,Mesa,AZ
468,Family Medicine,North Country HealthCare Program,/Program/GetById/589,Flagstaff,AZ
469,Family Medicine,Midwestern University GME Consortium / Kingman Program,/Program/GetById/590,Kingman,AZ
470,Family Medicine,University of Arizona College of Medicine-Phoenix Program,/Program/GetById/591,Phoenix,AZ
471,Family Medicine,Creighton University School of Medicine (Phoenix) Program,/Program/GetById/592,Phoenix,AZ
472,Family Medicine,University of Arizona College of Medicine-Tucson Program,/Program/GetById/593,Tucson,AZ
473,Family Medicine,Abrazo Health Network Program,/Program/GetById/594,Phoenix,AZ
474,Family Medicine,University of Arizona College of Medicine-Tucson (South Campus) Program,/Program/GetById/595,Tucson,AZ
475,Family Medicine,Midwestern University GME Consortium / Canyon Vista Program,/Program/GetById/587,Sierra Vista,AZ
476,Family Medicine,Community Memorial Health System Program,/Program/GetById/618,Ventura,CA
477,Family Medicine,OPTI West/PIH Health Hospital Downey Program,/Program/GetById/619,Downey,CA
478,Family Medicine,Emanate Health Program,/Program/GetById/620,West Covina,CA
479,Family Medicine,UCLA David Geffen School of Medicine/UCLA Medical Center Program,/Program/GetById/643,Santa Monica,CA
480,Family Medicine,Dignity Health Northridge Hospital Medical Center Program,/Program/GetById/644,Northridge,CA
481,Family Medicine,Arrowhead Regional Medical Center Program,/Program/GetById/645,Colton,CA
482,Family Medicine,University of California (San Francisco) Program,/Program/GetById/646,San Francisco,CA
483,Family Medicine,Sutter Santa Rosa Regional Hospital/University of California (San Francisco) Program,/Program/GetById/647,Santa Rosa,CA
484,Family Medicine,Ventura County Medical Center Program,/Program/GetById/648,Ventura,CA
485,Family Medicine,Naval Hospital (Camp Pendleton) Program,/Program/GetById/649,Camp Pendleton,CA
486,Family Medicine,Kaiser Permanente Southern California (Fontana) Program,/Program/GetById/650,Fontana,CA
487,Family Medicine,Kaiser Permanente Southern California (Los Angeles) Program,/Program/GetById/642,Los Angeles,CA
488,Family Medicine,Stanford Health Care-Sponsored Stanford University Program,/Program/GetById/651,San Jose,CA
489,Family Medicine,Eisenhower Medical Center Program,/Program/GetById/653,Rancho Mirage,CA
490,Family Medicine,Adventist Health Hanford Program,/Program/GetById/654,Hanford,CA
491,Family Medicine,Valley Consortium for Medical Education Family Medicine Program,/Program/GetById/655,Modesto,CA
492,Family Medicine,University of California (San Francisco)/Fresno Program,/Program/GetById/656,Fresno,CA
493,Family Medicine,University of California (Irvine) Program,/Program/GetById/657,Orange,CA
494,Family Medicine,Long Beach Memorial Medical Center Program,/Program/GetById/658,Long Beach,CA
495,Family Medicine,Natividad Medical Center Program,/Program/GetById/659,Salinas,CA
496,Family Medicine,University of California (San Diego) Medical Center Program,/Program/GetById/660,San Diego,CA
497,Family Medicine,Kaiser Permanente Southern California (San Diego) Program,/Program/GetById/652,San Diego,CA
498,Family Medicine,Adventist Health Glendale Program,/Program/GetById/662,Glendale,CA
499,Family Medicine,University of California Davis Health Program,/Program/GetById/641,Sacramento,CA
500,Family Medicine,Keck Medicine Program,/Program/GetById/639,Los Angeles,CA
501,Family Medicine,Prime West Consortium/Chino Valley Medical Center Program,/Program/GetById/621,Chino,CA
502,Family Medicine,Kaiser Permanente Northern California (Santa Rosa) Program,/Program/GetById/622,Santa Rosa,CA
503,Family Medicine,Kaiser Permanente Northern California (San Jose) Program,/Program/GetById/623,San Jose,CA
504,Family Medicine,Riverside Community Hospital/University of California Riverside School of Medicine Program,/Program/GetById/624,Riverside,CA
505,Family Medicine,Adventist Health Ukiah Valley Program,/Program/GetById/625,Ukiah,CA
506,Family Medicine,"Valley Health Team, Inc. Program",/Program/GetById/626,Fresno,CA
507,Family Medicine,"Charles R Drew University of Medicine and Science, College of Medicine Program",/Program/GetById/627,Los Angeles,CA
508,Family Medicine,St Joseph's Medical Center Program,/Program/GetById/628,Stockton,CA
509,Family Medicine,David Grant Medical Center Program,/Program/GetById/640,Travis AFB,CA
510,Family Medicine,St. Agnes Medical Center (Fresno) Program,/Program/GetById/629,Fresno,CA
511,Family Medicine,Borrego Community Health Foundation dba Borrego Health Program,/Program/GetById/631,Hemet,CA
512,Family Medicine,Loma Linda University Medical Center - Murrieta Program,/Program/GetById/632,Murrieta,CA
513,Family Medicine,UHS Southern California Medical Education Consortium Program,/Program/GetById/633,Temecula,CA
514,Family Medicine,LifeLong Medical Care Program,/Program/GetById/634,Richmond,CA
515,Family Medicine,AltaMed Health Services Program,/Program/GetById/635,South Gate,CA
516,Family Medicine,Kaiser Permanente Northern California (Greater Sacramento Valley) Program,/Program/GetById/636,Sacramento,CA
517,Family Medicine,Sutter Health Rural Program,/Program/GetById/637,Jackson,CA
518,Family Medicine,Desert Regional Medical Center Program,/Program/GetById/638,Palm Springs,CA
519,Family Medicine,St Joseph Hospital-Eureka Program,/Program/GetById/630,Eureka,CA
520,Family Medicine,Lincoln Medical Education Partnership Program,/Program/GetById/923,Lincoln,NE
521,Family Medicine,Hawaii Health Systems Corporation - Hilo Medical Center Program,/Program/GetById/749,Hilo,HI
522,Family Medicine,University of Hawaii Program,/Program/GetById/751,Aiea,HI
523,Family Medicine,Henry Ford Allegiance Health Program,/Program/GetById/861,Jackson,MI
524,Family Medicine,Mercy Health Program,/Program/GetById/862,Muskegon,MI
525,Family Medicine,Ascension Macomb-Oakland Hospital Program,/Program/GetById/863,Warren,MI
526,Family Medicine,Henry Ford Macomb Hospital Program,/Program/GetById/864,Clinton Township,MI
527,Family Medicine,Detroit Wayne County Health Authority (Authority Health) GME Consortium Program,/Program/GetById/865,Detroit,MI
528,Family Medicine,McLaren Health Care/Macomb/MSU Program,/Program/GetById/866,Mt. Clemens,MI
529,Family Medicine,McLaren Health Care/Greater Lansing/MSU Program,/Program/GetById/867,Lansing,MI
530,Family Medicine,McLaren Health Care/Bay/MSU Program,/Program/GetById/868,Bay City,MI
531,Family Medicine,Western Michigan University Homer Stryker MD School of Medicine (Battle Creek) Program,/Program/GetById/869,Battle Creek,MI
532,Family Medicine,Spectrum Health/Michigan State University Program,/Program/GetById/870,Grand Rapids,MI
533,Family Medicine,Garden City Hospital Program,/Program/GetById/871,Garden City,MI
534,Family Medicine,Ascension St John Hospital Program,/Program/GetById/872,St Clair Shores,MI
535,Family Medicine,Oakland Physicians Medical Center Program,/Program/GetById/873,Pontiac,MI
536,Family Medicine,Mercy Health Grand Rapids Program,/Program/GetById/874,Grand Rapids,MI
537,Family Medicine,Beaumont Health (Grosse Pointe) Program,/Program/GetById/875,Grosse Pointe,MI
538,Family Medicine,Western Michigan University Homer Stryker MD School of Medicine (Kalamazoo) Program,/Program/GetById/876,Kalamazoo,MI
539,Family Medicine,Sparrow Hospital/Michigan State University Program,/Program/GetById/877,Lansing,MI
540,Family Medicine,Beaumont Health (Farmington Hills) Program,/Program/GetById/860,Farmington Hills,MI
541,Family Medicine,McLaren Health Care/Oakland/MSU Program,/Program/GetById/859,Pontiac,MI
542,Family Medicine,Metro Health University of Michigan Health (Metro Health) Program,/Program/GetById/858,Wyoming,MI
543,Family Medicine,Spectrum Health Lakeland Program,/Program/GetById/857,Saint Joseph,MI
544,Family Medicine,Louisiana State University (Kenner) Program,/Program/GetById/839,Kenner,LA
545,Family Medicine,Louisiana State University (Shreveport)/Rapides Regional Medical Center Program,/Program/GetById/840,Alexandria,LA
546,Family Medicine,Central Maine Medical Center Program,/Program/GetById/841,Lewiston,ME
547,Family Medicine,Eastern Maine Medical Center Program,/Program/GetById/842,Bangor,ME
548,Family Medicine,Maine-Dartmouth Family Medicine Program,/Program/GetById/843,Augusta,ME
549,Family Medicine,Maine Medical Center Program,/Program/GetById/844,Portland,ME
550,Family Medicine,University of Maryland Prince George's Hospital Center Program,/Program/GetById/845,Cheverly,MD
551,Family Medicine,Meritus Medical Center Program,/Program/GetById/846,Hagerstown,MD
552,Family Medicine,Ascension Providence/MSUCHM Program,/Program/GetById/878,Southfield,MI
553,Family Medicine,MedStar Health/Franklin Square Program,/Program/GetById/847,Baltimore,MD
554,Family Medicine,University of Massachusetts Program,/Program/GetById/849,Worcester,MA
555,Family Medicine,Greater Lawrence Family Health Center Program,/Program/GetById/850,Lawrence,MA
556,Family Medicine,Boston University Medical Center Program,/Program/GetById/851,Boston,MA
557,Family Medicine,University of Massachusetts (Fitchburg) Program,/Program/GetById/852,Fitchburg,MA
558,Family Medicine,Tufts University at Cambridge Health Alliance Program,/Program/GetById/853,Malden,MA
559,Family Medicine,ProMedica Monroe Regional Hospital Program,/Program/GetById/854,Monroe,MI
560,Family Medicine,Detroit Medical Center (Sinai Grace)/Michigan State University Program,/Program/GetById/855,Detroit,MI
561,Family Medicine,Michigan State University Program,/Program/GetById/856,Alma,MI
562,Family Medicine,University of Maryland Program,/Program/GetById/848,Baltimore,MD
563,Family Medicine,U P Health System-Marquette Program,/Program/GetById/879,Marquette,MI
564,Family Medicine,Beaumont Health (Troy) Program,/Program/GetById/880,Sterling Heights,MI
565,Family Medicine,University of Michigan Health System Program,/Program/GetById/881,Ann Arbor,MI
566,Family Medicine,Forrest General Hospital Program,/Program/GetById/904,Hattiesburg,MS
567,Family Medicine,"East Central Mississippi Health Network, Inc. Program",/Program/GetById/905,Meridian,MS
568,Family Medicine,Mississippi Medical Education and Research Consortium Program,/Program/GetById/906,Greenville,MS
569,Family Medicine,University of Mississippi Medical Center Program,/Program/GetById/907,Jackson,MS
570,Family Medicine,North Mississippi Medical Center (Tupelo) Program,/Program/GetById/908,Tupelo,MS
571,Family Medicine,Still OPTI/Northeast Regional Medical Center Program,/Program/GetById/909,Kirksville,MO
572,Family Medicine,Kansas City University GME Consortium (KCU-GME Consortium)/St Luke's Des Peres Program,/Program/GetById/910,St. Louis,MO
573,Family Medicine,University of Missouri-Columbia School of Medicine/Capital Region Medical Center Program,/Program/GetById/911,Jefferson City,MO
574,Family Medicine,University of Minnesota/North Memorial Hospital Program,/Program/GetById/903,Minneapolis,MN
575,Family Medicine,University of Missouri-Columbia Program,/Program/GetById/912,Columbia,MO
576,Family Medicine,Mercy Hospital (St Louis) Program,/Program/GetById/914,Creve Coeur,MO
577,Family Medicine,University of Missouri-Kansas City School of Medicine Program,/Program/GetById/915,Kansas City,MO
578,Family Medicine,CoxHealth Program,/Program/GetById/916,Springfield,MO
579,Family Medicine,St. Louis University School of Medicine (Saint Louis) Program,/Program/GetById/917,St. Louis,MO
580,Family Medicine,The University of Montana Program,/Program/GetById/918,Missoula,MT
581,Family Medicine,Montana Family Medicine Residency Program,/Program/GetById/919,Billings,MT
582,Family Medicine,University of Nebraska Medical Center College of Medicine Program,/Program/GetById/920,Omaha,NE
583,Family Medicine,Nebraska Medical Center/Clarkson Regional Health Service Program,/Program/GetById/921,Omaha,NE
584,Family Medicine,HCA Healthcare Kansas City/Research Medical Center Program,/Program/GetById/913,Kansas City,MO
585,Family Medicine,East Jefferson General Hospital Program,/Program/GetById/838,Metairie,LA
586,Family Medicine,University of Minnesota/University of Minnesota Medical Center Program,/Program/GetById/902,Minneapolis,MN
587,Family Medicine,University of Minnesota/CentraCare St. Cloud Program,/Program/GetById/900,St Cloud,MN
588,Family Medicine,Henry Ford Hospital/Wayne State University Program,/Program/GetById/882,Detroit,MI
589,Family Medicine,McLaren Health Care/Flint/MSU Program,/Program/GetById/883,Flint,MI
590,Family Medicine,Munson Medical Center Program,/Program/GetById/884,Traverse City,MI
591,Family Medicine,St Joseph Mercy Livingston Program,/Program/GetById/885,Brighton,MI
592,Family Medicine,Wayne State University School of Medicine Program,/Program/GetById/886,Rochester,MI
593,Family Medicine,Ascension Genesys Hospital Program,/Program/GetById/887,Grand Blanc,MI
594,Family Medicine,MidMichigan Medical Center-Midland Program,/Program/GetById/888,Midland,MI
595,Family Medicine,Central Michigan University College of Medicine Program,/Program/GetById/889,Saginaw,MI
596,Family Medicine,University of Minnesota/Methodist Hospital Program,/Program/GetById/901,St. Louis Park,MN
597,Family Medicine,Beaumont Health (Wayne) Program,/Program/GetById/890,Wayne,MI
598,Family Medicine,HealthPartners Institute/Park Nicollet Methodist Hospital/Amery/Westfields Hospitals Program,/Program/GetById/892,New Richmond,WI
599,Family Medicine,Hennepin Healthcare Program,/Program/GetById/893,Minneapolis,MN
600,Family Medicine,University of Minnesota/St John's Hospital Program,/Program/GetById/894,St. Paul,MN
601,Family Medicine,University of Minnesota/St Joseph's Hospital Program,/Program/GetById/895,St. Paul,MN
602,Family Medicine,University of Minnesota (Duluth) Program,/Program/GetById/896,Duluth,MN
603,Family Medicine,Mayo Clinic College of Medicine and Science (Rochester) Program,/Program/GetById/897,Rochester,MN
604,Family Medicine,Allina Health Program,/Program/GetById/898,St Paul,MN
605,Family Medicine,University of Minnesota (Mankato) Program,/Program/GetById/899,Mankato,MN
606,Family Medicine,St Mary Mercy Hospital Program,/Program/GetById/891,Livonia,MI
607,Family Medicine,Tripler Army Medical Center Program,/Program/GetById/750,Honolulu,HI
608,Family Medicine,Louisiana State University (Lake Charles) Program,/Program/GetById/837,Lake Charles,LA
609,Family Medicine,Louisiana State University (Shreveport)/Monroe Program,/Program/GetById/835,Monroe,LA
610,Family Medicine,AMITA Health/Saint Joseph Hospital (Chicago) Program,/Program/GetById/774,Chicago,IL
611,Family Medicine,Advocate Health Care (Advocate Lutheran General Hospital) Program,/Program/GetById/775,Park Ridge,IL
612,Family Medicine,Adventist LaGrange Memorial Hospital Program,/Program/GetById/776,La Grange,IL
613,Family Medicine,University of Illinois College of Medicine at Peoria Program,/Program/GetById/777,Peoria,IL
614,Family Medicine,University of Illinois College of Medicine (Rockford) Rural Program,/Program/GetById/778,Dixon,IL
615,Family Medicine,Mount Sinai Hospital Medical Center of Chicago / Jackson Park Hospital Program,/Program/GetById/779,Chicago,IL
616,Family Medicine,AMITA Health/Saints Mary and Elizabeth Medical Center Program,/Program/GetById/780,Chicago,IL
617,Family Medicine,McGaw Medical Center of Northwestern University/Erie-Humboldt Park Program,/Program/GetById/781,Chicago,IL
618,Family Medicine,Adventist Hinsdale Hospital Program,/Program/GetById/782,Hinsdale,IL
619,Family Medicine,Southern Illinois University Program,/Program/GetById/783,Springfield,IL
620,Family Medicine,Southern Illinois University (Decatur) Program,/Program/GetById/784,Decatur,IL
621,Family Medicine,Advocate Health Care  (Advocate Christ Medical Center) Program,/Program/GetById/785,Oak Lawn,IL
622,Family Medicine,Southern Illinois University (Quincy) Program,/Program/GetById/786,Quincy,IL
623,Family Medicine,St Louis University School of Medicine (Southwest Illinois) Program,/Program/GetById/787,O'Fallon,IL
624,Family Medicine,Advocate Health Care (Advocate Illinois Masonic Medical Center) Program,/Program/GetById/788,Chicago,IL
625,Family Medicine,University of Illinois College of Medicine at Chicago Program,/Program/GetById/789,Chicago,IL
626,Family Medicine,Rush University Medical Center/Copley Memorial Hospital Program,/Program/GetById/790,Aurora,IL
627,Family Medicine,AMITA Health/Resurrection Medical Center Program,/Program/GetById/773,Chicago,IL
628,Family Medicine,Cook County Health and Hospitals System Program,/Program/GetById/772,Chicago,IL
629,Family Medicine,Southern Illinois University (Carbondale) Program,/Program/GetById/771,Carbondale,IL
630,Family Medicine,Loyola Medicine MacNeal Hospital Program,/Program/GetById/770,Berwyn,IL
631,Family Medicine,Kootenai Health Program,/Program/GetById/752,Coeur d'Alene,ID
632,Family Medicine,Family Medicine Residency of Idaho Nampa Program,/Program/GetById/753,Nampa,ID
633,Family Medicine,Idaho State University Rural Program,/Program/GetById/754,Pocatello,ID
634,Family Medicine,HCA Healthcare/Eastern Idaho Regional Medical Center Program,/Program/GetById/755,Idaho Falls,ID
635,Family Medicine,Family Medicine Residency of Idaho Program,/Program/GetById/756,Boise,ID
636,Family Medicine,Idaho State University Program,/Program/GetById/757,Pocatello,ID
637,Family Medicine,Family Medicine Residency of Idaho Rural Program,/Program/GetById/758,Boise,ID
638,Family Medicine,Family Medicine Residency of Idaho (Magic Valley) Rural Program,/Program/GetById/759,Boise,ID
639,Family Medicine,University of Chicago (NorthShore) Program,/Program/GetById/791,Glenview,IL
640,Family Medicine,McGaw Medical Center of Northwestern University (Lake Forest) Program,/Program/GetById/760,Grayslake,IL
641,Family Medicine,Carle Foundation Hospital/Carle BroMenn Medical Center Program,/Program/GetById/762,Normal,IL
642,Family Medicine,Norwegian American Hospital Program,/Program/GetById/763,Chicago,IL
643,Family Medicine,McGaw Medical Center of Northwestern University (Delnor) Program,/Program/GetById/764,Geneva,IL
644,Family Medicine,Carle Foundation Hospital Program,/Program/GetById/765,Urbana,IL
645,Family Medicine,Swedish Hospital Program,/Program/GetById/766,Chicago,IL
646,Family Medicine,Mercyhealth GME Consortium Program,/Program/GetById/767,Loves Park,IL
647,Family Medicine,Lawndale Christian Health Center Program,/Program/GetById/768,Chicago,IL
648,Family Medicine,Southern Illinois University (Alton) Program,/Program/GetById/769,Alton,IL
649,Family Medicine,Franciscan Health Olympia Fields Program,/Program/GetById/761,Olympia Fields,IL
650,Family Medicine,West Suburban Medical Center Program,/Program/GetById/792,Oak Park,IL
651,Family Medicine,University of Illinois College of Medicine at Rockford Program,/Program/GetById/793,Rockford,IL
652,Family Medicine,Mount Sinai Hospital Medical Center of Chicago Program,/Program/GetById/794,Chicago,IL
653,Family Medicine,University of Kansas School of Medicine Program,/Program/GetById/817,Kansas City,KS
654,Family Medicine,University of Kansas (Wichita)/Wesley Program,/Program/GetById/818,Wichita,KS
655,Family Medicine,University of Kansas (Wichita)/Salina Program,/Program/GetById/819,Salina,KS
656,Family Medicine,University of Kansas (Wichita)/Via Christi Hospitals Wichita Program,/Program/GetById/820,Wichita,KS
657,Family Medicine,Appalachian Osteopathic Postgraduate Training Institute Consortium/Lake Cumberland Regional Hospital  Program,/Program/GetById/821,Somerset,KY
658,Family Medicine,Appalachian Osteopathic Postgraduate Training Institute Consortium/Pikeville Medical Center Program,/Program/GetById/822,Pikeville,KY
659,Family Medicine,University of Louisville School of Medicine (Owensboro) Program,/Program/GetById/823,Owensboro,KY
660,Family Medicine,St Elizabeth Medical Center Program,/Program/GetById/824,Edgewood,KY
661,Family Medicine,Central Iowa Health System (Iowa Lutheran Hospital) Program,/Program/GetById/816,Des Moines,IA
662,Family Medicine,University of Kentucky College of Medicine Program,/Program/GetById/825,Lexington,KY
663,Family Medicine,University of Kentucky College of Medicine (Hazard) Program,/Program/GetById/827,Hazard,KY
664,Family Medicine,University of Louisville School of Medicine (Glasgow) Program,/Program/GetById/828,Glasgow,KY
665,Family Medicine,Baptist Health Madisonville Program,/Program/GetById/829,Madisonville,KY
666,Family Medicine,University of Kentucky College of Medicine (Morehead) Rural Program,/Program/GetById/830,Morehead,KY
667,Family Medicine,LSU Health Sciences Center/University Hospital and Clinics (Lafayette) Program,/Program/GetById/831,Lafayette,LA
668,Family Medicine,Louisiana State University (Shreveport) Rural Program,/Program/GetById/832,Shreveport,LA
669,Family Medicine,Louisiana State University (Bogalusa) Program,/Program/GetById/833,Bogalusa,LA
670,Family Medicine,Louisiana State University (Shreveport) Program,/Program/GetById/834,Shreveport,LA
671,Family Medicine,University of Louisville School of Medicine Program,/Program/GetById/826,Louisville,KY
672,Family Medicine,Baton Rouge General Medical Center Program,/Program/GetById/836,Baton Rouge,LA
673,Family Medicine,Iowa Medical Education Collaborative Program,/Program/GetById/815,Des Moines,IA
674,Family Medicine,MercyOne North Iowa Medical Center (Waterloo) Program,/Program/GetById/813,Waterloo,IA
675,Family Medicine,Kansas City University GME Consortium (KCU-GME Consortium)/Reid Health Program,/Program/GetById/795,Richmond,IN
676,Family Medicine,"Community Health Network, Inc. Program",/Program/GetById/796,Greenwood,IN
677,Family Medicine,Indiana University School of Medicine (Arnett) Program,/Program/GetById/797,Lafayette,IN
678,Family Medicine,Indiana University School of Medicine (Jasper) Program,/Program/GetById/798,Jasper,IN
679,Family Medicine,Community Health Network Program,/Program/GetById/799,Indianapolis,IN
680,Family Medicine,Franciscan Health Indianapolis Program,/Program/GetById/800,Indianapolis,IN
681,Family Medicine,Indiana University School of Medicine Program,/Program/GetById/801,Indianapolis,IN
682,Family Medicine,St Vincent Hospital and Health Care Center Program,/Program/GetById/802,Indianapolis,IN
683,Family Medicine,MercyOne North Iowa Medical Center (Mason City) Program,/Program/GetById/814,Mason City,IA
684,Family Medicine,Indiana University Health Ball Memorial Hospital Program,/Program/GetById/803,Muncie,IN
685,Family Medicine,Saint Joseph Health System Program,/Program/GetById/805,Mishawaka,IN
686,Family Medicine,Union Hospital Program,/Program/GetById/806,Terre Haute,IN
687,Family Medicine,Deaconess Hospital Program,/Program/GetById/807,Evansville,IN
688,Family Medicine,Fort Wayne Medical Education Program,/Program/GetById/808,Fort Wayne,IN
689,Family Medicine,Broadlawns Medical Center Program,/Program/GetById/809,Des Moines,IA
690,Family Medicine,University of Iowa Hospitals and Clinics Program,/Program/GetById/810,Iowa City,IA
691,Family Medicine,Genesis Health System (Quad Cities) Program,/Program/GetById/811,Davenport,IA
692,Family Medicine,Siouxland Medical Education Foundation Program,/Program/GetById/812,Sioux City,IA
693,Family Medicine,Memorial Hospital of South Bend Program,/Program/GetById/804,South Bend,IN
694,Family Medicine,University of Wyoming (Cheyenne) Program,/Program/GetById/1271,Cheyenne,WY
